Using pre-set license
Built from '2022.3/staging' branch; Version is '2022.3.4f1 (35713cd46cd7) revision 3502396'; Using compiler version '192829333'; Build Type 'Release'
OS: 'Windows 10  (10.0.19045) 64bit Core' Language: 'ru' Physical Memory: 32693 MB
BatchMode: 1, IsHumanControllingUs: 0, StartBugReporterOnCrash: 0, Is64bit: 1, IsPro: 1

COMMAND LINE ARGUMENTS:
C:\Program Files\2022.3.4f1\Editor\Unity.exe
-adb2
-batchMode
-noUpm
-name
AssetImportWorker3
-projectPath
C:/ijunior/GitHub/FlappyTerminator-homework/FlappyTerminator-homework
-logFile
Logs/AssetImportWorker3.log
-srvPort
50215
Successfully changed project path to: C:/ijunior/GitHub/FlappyTerminator-homework/FlappyTerminator-homework
C:/ijunior/GitHub/FlappyTerminator-homework/FlappyTerminator-homework
[UnityMemory] Configuration Parameters - Can be set up in boot.config
    "memorysetup-bucket-allocator-granularity=16"
    "memorysetup-bucket-allocator-bucket-count=8"
    "memorysetup-bucket-allocator-block-size=33554432"
    "memorysetup-bucket-allocator-block-count=8"
    "memorysetup-main-allocator-block-size=16777216"
    "memorysetup-thread-allocator-block-size=16777216"
    "memorysetup-gfx-main-allocator-block-size=16777216"
    "memorysetup-gfx-thread-allocator-block-size=16777216"
    "memorysetup-cache-allocator-block-size=4194304"
    "memorysetup-typetree-allocator-block-size=2097152"
    "memorysetup-profiler-bucket-allocator-granularity=16"
    "memorysetup-profiler-bucket-allocator-bucket-count=8"
    "memorysetup-profiler-bucket-allocator-block-size=33554432"
    "memorysetup-profiler-bucket-allocator-block-count=8"
    "memorysetup-profiler-allocator-block-size=16777216"
    "memorysetup-profiler-editor-allocator-block-size=1048576"
    "memorysetup-temp-allocator-size-main=16777216"
    "memorysetup-job-temp-allocator-block-size=2097152"
    "memorysetup-job-temp-allocator-block-size-background=1048576"
    "memorysetup-job-temp-allocator-reduction-small-platforms=262144"
    "memorysetup-allocator-temp-initial-block-size-main=262144"
    "memorysetup-allocator-temp-initial-block-size-worker=262144"
    "memorysetup-temp-allocator-size-background-worker=32768"
    "memorysetup-temp-allocator-size-job-worker=262144"
    "memorysetup-temp-allocator-size-preload-manager=33554432"
    "memorysetup-temp-allocator-size-nav-mesh-worker=65536"
    "memorysetup-temp-allocator-size-audio-worker=65536"
    "memorysetup-temp-allocator-size-cloud-worker=32768"
    "memorysetup-temp-allocator-size-gi-baking-worker=262144"
    "memorysetup-temp-allocator-size-gfx=262144"
Player connection [40760] Host "[IP] 192.168.50.79 [Port] 0 [Flags] 2 [Guid] 3085875595 [EditorId] 3085875595 [Version] 1048832 [Id] WindowsEditor(7,MoranPC) [Debug] 1 [PackageName] WindowsEditor [ProjectName] Editor" joined multi-casting on [225.0.0.222:54997]...

Player connection [40760] Host "[IP] 192.168.50.79 [Port] 0 [Flags] 2 [Guid] 3085875595 [EditorId] 3085875595 [Version] 1048832 [Id] WindowsEditor(7,MoranPC) [Debug] 1 [PackageName] WindowsEditor [ProjectName] Editor" joined alternative multi-casting on [225.0.0.222:34997]...

Refreshing native plugins compatible for Editor in 20.38 ms, found 4 plugins.
Preloading 0 native plugins for Editor in 0.00 ms.
Initialize engine version: 2022.3.4f1 (35713cd46cd7)
[Subsystems] Discovering subsystems at path C:/Program Files/2022.3.4f1/Editor/Data/Resources/UnitySubsystems
[Subsystems] Discovering subsystems at path C:/ijunior/GitHub/FlappyTerminator-homework/FlappyTerminator-homework/Assets
GfxDevice: creating device client; threaded=0; jobified=0
Direct3D:
    Version:  Direct3D 11.0 [level 11.1]
    Renderer: NVIDIA GeForce RTX 2060 SUPER (ID=0x1f06)
    Vendor:   NVIDIA
    VRAM:     8006 MB
    Driver:   32.0.15.7216
Initialize mono
Mono path[0] = 'C:/Program Files/2022.3.4f1/Editor/Data/Managed'
Mono path[1] = 'C:/Program Files/2022.3.4f1/Editor/Data/MonoBleedingEdge/lib/mono/unityjit-win32'
Mono config path = 'C:/Program Files/2022.3.4f1/Editor/Data/MonoBleedingEdge/etc'
Using monoOptions --debugger-agent=transport=dt_socket,embedding=1,server=y,suspend=n,address=127.0.0.1:56876
Begin MonoManager ReloadAssembly
Registering precompiled unity dll's ...
Register platform support module: C:/Program Files/2022.3.4f1/Editor/Data/PlaybackEngines/WebGLSupport/UnityEditor.WebGL.Extensions.dll
Register platform support module: C:/Program Files/2022.3.4f1/Editor/Data/PlaybackEngines/AndroidPlayer/UnityEditor.Android.Extensions.dll
Register platform support module: C:/Program Files/2022.3.4f1/Editor/Data/PlaybackEngines/iOSSupport/UnityEditor.iOS.Extensions.dll
Register platform support module: C:/Program Files/2022.3.4f1/Editor/Data/PlaybackEngines/WindowsStandaloneSupport/UnityEditor.WindowsStandalone.Extensions.dll
Registered in 0.018389 seconds.
- Loaded All Assemblies, in  0.449 seconds
Native extension for WindowsStandalone target not found
[usbmuxd] Start listen thread
[usbmuxd] Listen thread started
Native extension for iOS target not found
Native extension for Android target not found
Android Extension - Scanning For ADB Devices 429 ms
Native extension for WebGL target not found
Mono: successfully reloaded assembly
- Finished resetting the current domain, in  0.799 seconds
Domain Reload Profiling: 1245ms
	BeginReloadAssembly (122ms)
		ExecutionOrderSort (0ms)
		DisableScriptedObjects (0ms)
		BackupInstance (0ms)
		ReleaseScriptingObjects (0ms)
		CreateAndSetChildDomain (1ms)
	RebuildCommonClasses (42ms)
	RebuildNativeTypeToScriptingClass (15ms)
	initialDomainReloadingComplete (82ms)
	LoadAllAssembliesAndSetupDomain (185ms)
		LoadAssemblies (119ms)
		RebuildTransferFunctionScriptingTraits (0ms)
		AnalyzeDomain (173ms)
			TypeCache.Refresh (172ms)
				TypeCache.ScanAssembly (159ms)
			ScanForSourceGeneratedMonoScriptInfo (0ms)
			ResolveRequiredComponents (1ms)
	FinalizeReload (800ms)
		ReleaseScriptCaches (0ms)
		RebuildScriptCaches (0ms)
		SetupLoadedEditorAssemblies (736ms)
			LogAssemblyErrors (0ms)
			InitializePlatformSupportModulesInManaged (564ms)
			SetLoadedEditorAssemblies (4ms)
			RefreshPlugins (0ms)
			BeforeProcessingInitializeOnLoad (2ms)
			ProcessInitializeOnLoadAttributes (112ms)
			ProcessInitializeOnLoadMethodAttributes (53ms)
			AfterProcessingInitializeOnLoad (0ms)
			EditorAssembliesLoaded (0ms)
		ExecutionOrderSort2 (0ms)
		AwakeInstancesAfterBackupRestoration (0ms)
========================================================================
Worker process is ready to serve import requests
Begin MonoManager ReloadAssembly
Symbol file LoadedFromMemory doesn't match image C:\ijunior\GitHub\FlappyTerminator-homework\FlappyTerminator-homework\Library\PackageCache\com.unity.visualscripting@1.8.0\Editor\VisualScripting.Core\Dependencies\YamlDotNet\Unity.VisualScripting.YamlDotNet.dll
Symbol file LoadedFromMemory doesn't match image C:\ijunior\GitHub\FlappyTerminator-homework\FlappyTerminator-homework\Library\PackageCache\com.unity.visualscripting@1.8.0\Editor\VisualScripting.Core\Dependencies\DotNetZip\Unity.VisualScripting.IonicZip.dll
- Loaded All Assemblies, in  0.909 seconds
Refreshing native plugins compatible for Editor in 6.37 ms, found 4 plugins.
Native extension for WindowsStandalone target not found
Native extension for iOS target not found
Native extension for Android target not found
Native extension for WebGL target not found
Mono: successfully reloaded assembly
- Finished resetting the current domain, in  0.593 seconds
Domain Reload Profiling: 1496ms
	BeginReloadAssembly (148ms)
		ExecutionOrderSort (0ms)
		DisableScriptedObjects (5ms)
		BackupInstance (0ms)
		ReleaseScriptingObjects (0ms)
		CreateAndSetChildDomain (25ms)
	RebuildCommonClasses (38ms)
	RebuildNativeTypeToScriptingClass (10ms)
	initialDomainReloadingComplete (52ms)
	LoadAllAssembliesAndSetupDomain (653ms)
		LoadAssemblies (354ms)
		RebuildTransferFunctionScriptingTraits (0ms)
		AnalyzeDomain (364ms)
			TypeCache.Refresh (338ms)
				TypeCache.ScanAssembly (320ms)
			ScanForSourceGeneratedMonoScriptInfo (20ms)
			ResolveRequiredComponents (6ms)
	FinalizeReload (594ms)
		ReleaseScriptCaches (0ms)
		RebuildScriptCaches (0ms)
		SetupLoadedEditorAssemblies (431ms)
			LogAssemblyErrors (0ms)
			InitializePlatformSupportModulesInManaged (39ms)
			SetLoadedEditorAssemblies (3ms)
			RefreshPlugins (0ms)
			BeforeProcessingInitializeOnLoad (84ms)
			ProcessInitializeOnLoadAttributes (260ms)
			ProcessInitializeOnLoadMethodAttributes (35ms)
			AfterProcessingInitializeOnLoad (9ms)
			EditorAssembliesLoaded (0ms)
		ExecutionOrderSort2 (0ms)
		AwakeInstancesAfterBackupRestoration (6ms)
Launched and connected shader compiler UnityShaderCompiler.exe after 0.07 seconds
Refreshing native plugins compatible for Editor in 11.47 ms, found 4 plugins.
Preloading 0 native plugins for Editor in 0.00 ms.
Unloading 4024 Unused Serialized files (Serialized files now loaded: 0)
Unloading 69 unused Assets / (245.2 KB). Loaded Objects now: 4487.
Memory consumption went from 144.9 MB to 144.6 MB.
Total: 5.581500 ms (FindLiveObjects: 0.707800 ms CreateObjectMapping: 0.145200 ms MarkObjects: 3.943800 ms  DeleteObjects: 0.783200 ms)

AssetImportParameters requested are different than current active one (requested -> active):
  custom:container-demuxer-ogg: 62fdf1f143b41e24485cea50d1cbac27 -> 
  custom:video-decoder-ogg-theora: a1e56fd34408186e4bbccfd4996cb3dc -> 
  custom:framework-win-MediaFoundation: 216162199b28c13a410421893ffa2e32 -> 
  custom:CustomObjectIndexerAttribute: 756ad292c208cfabdd7b50bc23989ffe -> 
  custom:scripting/monoscript/fileName/GetActionInput.cs: 8316ea1e17d8f1a9165ee33b7b5b057b -> 
  custom:container-demuxer-webm: 4f35f7cbe854078d1ac9338744f61a02 -> 
  custom:container-muxer-webm: aa71ff27fc2769a1b78a27578f13a17b -> 
  custom:video-decoder-webm-vp8: 9c59270c3fd7afecdb556c50c9e8de78 -> 
  custom:AudioImporter_EditorPlatform: d09bf68614088b80899f8185d706f6e7 -> 
  custom:video-encoder-webm-vp8: eb34c28f22e8b96e1ab97ce403110664 -> 
  custom:audio-decoder-ogg-vorbis: bf7c407c2cedff20999df2af8eb42d56 -> 
  custom:audio-encoder-webm-vorbis: bf7c407c2cedff20999df2af8eb42d56 -> 
========================================================================
Received Import Request.
  Time since last request: 252816.282482 seconds.
  path: Assets/Prefabs/Enemy/enemy.prefab
  artifactKey: Guid(3bbcf3f0d95d07846bb77c23739ba5bb) Importer(815301076,1909f56bfc062723c751e8b465ee728b)
Start importing Assets/Prefabs/Enemy/enemy.prefab using Guid(3bbcf3f0d95d07846bb77c23739ba5bb) Importer(815301076,1909f56bfc062723c751e8b465ee728b)  -> (artifact id: '18eadae367fc1724c61a61d444101071') in 0.076550 seconds
Number of updated asset objects reloaded before import = 0
Number of asset objects unloaded after import = 24
========================================================================
Received Prepare
Begin MonoManager ReloadAssembly
Symbol file LoadedFromMemory doesn't match image C:\ijunior\GitHub\FlappyTerminator-homework\FlappyTerminator-homework\Library\PackageCache\com.unity.visualscripting@1.8.0\Editor\VisualScripting.Core\Dependencies\YamlDotNet\Unity.VisualScripting.YamlDotNet.dll
Symbol file LoadedFromMemory doesn't match image C:\ijunior\GitHub\FlappyTerminator-homework\FlappyTerminator-homework\Library\PackageCache\com.unity.visualscripting@1.8.0\Editor\VisualScripting.Core\Dependencies\DotNetZip\Unity.VisualScripting.IonicZip.dll
- Loaded All Assemblies, in  0.843 seconds
Refreshing native plugins compatible for Editor in 6.80 ms, found 4 plugins.
Native extension for WindowsStandalone target not found
Native extension for iOS target not found
Native extension for Android target not found
Native extension for WebGL target not found
Mono: successfully reloaded assembly
- Finished resetting the current domain, in  1.075 seconds
Domain Reload Profiling: 1911ms
	BeginReloadAssembly (172ms)
		ExecutionOrderSort (0ms)
		DisableScriptedObjects (11ms)
		BackupInstance (0ms)
		ReleaseScriptingObjects (0ms)
		CreateAndSetChildDomain (47ms)
	RebuildCommonClasses (39ms)
	RebuildNativeTypeToScriptingClass (12ms)
	initialDomainReloadingComplete (35ms)
	LoadAllAssembliesAndSetupDomain (577ms)
		LoadAssemblies (355ms)
		RebuildTransferFunctionScriptingTraits (0ms)
		AnalyzeDomain (290ms)
			TypeCache.Refresh (284ms)
				TypeCache.ScanAssembly (271ms)
			ScanForSourceGeneratedMonoScriptInfo (0ms)
			ResolveRequiredComponents (6ms)
	FinalizeReload (1076ms)
		ReleaseScriptCaches (0ms)
		RebuildScriptCaches (0ms)
		SetupLoadedEditorAssemblies (401ms)
			LogAssemblyErrors (0ms)
			InitializePlatformSupportModulesInManaged (47ms)
			SetLoadedEditorAssemblies (4ms)
			RefreshPlugins (0ms)
			BeforeProcessingInitializeOnLoad (87ms)
			ProcessInitializeOnLoadAttributes (219ms)
			ProcessInitializeOnLoadMethodAttributes (32ms)
			AfterProcessingInitializeOnLoad (12ms)
			EditorAssembliesLoaded (0ms)
		ExecutionOrderSort2 (0ms)
		AwakeInstancesAfterBackupRestoration (15ms)
Refreshing native plugins compatible for Editor in 10.22 ms, found 4 plugins.
Preloading 0 native plugins for Editor in 0.00 ms.
Unloading 4017 Unused Serialized files (Serialized files now loaded: 0)
Unloading 41 unused Assets / (217.4 KB). Loaded Objects now: 4499.
Memory consumption went from 142.6 MB to 142.4 MB.
Total: 4.170700 ms (FindLiveObjects: 0.415300 ms CreateObjectMapping: 0.150800 ms MarkObjects: 3.335400 ms  DeleteObjects: 0.267600 ms)

Prepare: number of updated asset objects reloaded= 0
AssetImportParameters requested are different than current active one (requested -> active):
  custom:container-demuxer-ogg: 62fdf1f143b41e24485cea50d1cbac27 -> 
  custom:video-decoder-ogg-theora: a1e56fd34408186e4bbccfd4996cb3dc -> 
  custom:framework-win-MediaFoundation: 216162199b28c13a410421893ffa2e32 -> 
  custom:CustomObjectIndexerAttribute: 756ad292c208cfabdd7b50bc23989ffe -> 
  custom:scripting/monoscript/fileName/GetActionInput.cs: 8316ea1e17d8f1a9165ee33b7b5b057b -> 
  custom:container-demuxer-webm: 4f35f7cbe854078d1ac9338744f61a02 -> 
  custom:container-muxer-webm: aa71ff27fc2769a1b78a27578f13a17b -> 
  custom:video-decoder-webm-vp8: 9c59270c3fd7afecdb556c50c9e8de78 -> 
  custom:AudioImporter_EditorPlatform: d09bf68614088b80899f8185d706f6e7 -> 
  custom:video-encoder-webm-vp8: eb34c28f22e8b96e1ab97ce403110664 -> 
  custom:audio-decoder-ogg-vorbis: bf7c407c2cedff20999df2af8eb42d56 -> 
  custom:audio-encoder-webm-vorbis: bf7c407c2cedff20999df2af8eb42d56 -> 
========================================================================
Received Prepare
Begin MonoManager ReloadAssembly
Symbol file LoadedFromMemory doesn't match image C:\ijunior\GitHub\FlappyTerminator-homework\FlappyTerminator-homework\Library\PackageCache\com.unity.visualscripting@1.8.0\Editor\VisualScripting.Core\Dependencies\YamlDotNet\Unity.VisualScripting.YamlDotNet.dll
Symbol file LoadedFromMemory doesn't match image C:\ijunior\GitHub\FlappyTerminator-homework\FlappyTerminator-homework\Library\PackageCache\com.unity.visualscripting@1.8.0\Editor\VisualScripting.Core\Dependencies\DotNetZip\Unity.VisualScripting.IonicZip.dll
- Loaded All Assemblies, in  0.841 seconds
Refreshing native plugins compatible for Editor in 6.15 ms, found 4 plugins.
Native extension for WindowsStandalone target not found
Native extension for iOS target not found
Native extension for Android target not found
Native extension for WebGL target not found
Mono: successfully reloaded assembly
- Finished resetting the current domain, in  1.069 seconds
Domain Reload Profiling: 1904ms
	BeginReloadAssembly (170ms)
		ExecutionOrderSort (0ms)
		DisableScriptedObjects (13ms)
		BackupInstance (0ms)
		ReleaseScriptingObjects (0ms)
		CreateAndSetChildDomain (47ms)
	RebuildCommonClasses (37ms)
	RebuildNativeTypeToScriptingClass (11ms)
	initialDomainReloadingComplete (40ms)
	LoadAllAssembliesAndSetupDomain (577ms)
		LoadAssemblies (349ms)
		RebuildTransferFunctionScriptingTraits (0ms)
		AnalyzeDomain (291ms)
			TypeCache.Refresh (286ms)
				TypeCache.ScanAssembly (274ms)
			ScanForSourceGeneratedMonoScriptInfo (0ms)
			ResolveRequiredComponents (5ms)
	FinalizeReload (1070ms)
		ReleaseScriptCaches (0ms)
		RebuildScriptCaches (0ms)
		SetupLoadedEditorAssemblies (392ms)
			LogAssemblyErrors (0ms)
			InitializePlatformSupportModulesInManaged (44ms)
			SetLoadedEditorAssemblies (3ms)
			RefreshPlugins (0ms)
			BeforeProcessingInitializeOnLoad (87ms)
			ProcessInitializeOnLoadAttributes (216ms)
			ProcessInitializeOnLoadMethodAttributes (30ms)
			AfterProcessingInitializeOnLoad (11ms)
			EditorAssembliesLoaded (0ms)
		ExecutionOrderSort2 (0ms)
		AwakeInstancesAfterBackupRestoration (15ms)
Refreshing native plugins compatible for Editor in 18.00 ms, found 4 plugins.
Preloading 0 native plugins for Editor in 0.00 ms.
Unloading 4018 Unused Serialized files (Serialized files now loaded: 0)
Unloading 41 unused Assets / (217.6 KB). Loaded Objects now: 4503.
Memory consumption went from 142.9 MB to 142.7 MB.
Total: 5.603100 ms (FindLiveObjects: 0.837900 ms CreateObjectMapping: 0.434200 ms MarkObjects: 4.054100 ms  DeleteObjects: 0.275400 ms)

Prepare: number of updated asset objects reloaded= 0
AssetImportParameters requested are different than current active one (requested -> active):
  custom:container-demuxer-ogg: 62fdf1f143b41e24485cea50d1cbac27 -> 
  custom:video-decoder-ogg-theora: a1e56fd34408186e4bbccfd4996cb3dc -> 
  custom:framework-win-MediaFoundation: 216162199b28c13a410421893ffa2e32 -> 
  custom:CustomObjectIndexerAttribute: 756ad292c208cfabdd7b50bc23989ffe -> 
  custom:scripting/monoscript/fileName/GetActionInput.cs: 8316ea1e17d8f1a9165ee33b7b5b057b -> 
  custom:container-demuxer-webm: 4f35f7cbe854078d1ac9338744f61a02 -> 
  custom:container-muxer-webm: aa71ff27fc2769a1b78a27578f13a17b -> 
  custom:video-decoder-webm-vp8: 9c59270c3fd7afecdb556c50c9e8de78 -> 
  custom:AudioImporter_EditorPlatform: d09bf68614088b80899f8185d706f6e7 -> 
  custom:video-encoder-webm-vp8: eb34c28f22e8b96e1ab97ce403110664 -> 
  custom:audio-decoder-ogg-vorbis: bf7c407c2cedff20999df2af8eb42d56 -> 
  custom:audio-encoder-webm-vorbis: bf7c407c2cedff20999df2af8eb42d56 -> 
========================================================================
Received Prepare
Begin MonoManager ReloadAssembly
Symbol file LoadedFromMemory doesn't match image C:\ijunior\GitHub\FlappyTerminator-homework\FlappyTerminator-homework\Library\PackageCache\com.unity.visualscripting@1.8.0\Editor\VisualScripting.Core\Dependencies\YamlDotNet\Unity.VisualScripting.YamlDotNet.dll
Symbol file LoadedFromMemory doesn't match image C:\ijunior\GitHub\FlappyTerminator-homework\FlappyTerminator-homework\Library\PackageCache\com.unity.visualscripting@1.8.0\Editor\VisualScripting.Core\Dependencies\DotNetZip\Unity.VisualScripting.IonicZip.dll
- Loaded All Assemblies, in  0.844 seconds
Refreshing native plugins compatible for Editor in 7.30 ms, found 4 plugins.
Native extension for WindowsStandalone target not found
Native extension for iOS target not found
Native extension for Android target not found
Native extension for WebGL target not found
Mono: successfully reloaded assembly
- Finished resetting the current domain, in  1.075 seconds
Domain Reload Profiling: 1914ms
	BeginReloadAssembly (170ms)
		ExecutionOrderSort (0ms)
		DisableScriptedObjects (12ms)
		BackupInstance (0ms)
		ReleaseScriptingObjects (0ms)
		CreateAndSetChildDomain (49ms)
	RebuildCommonClasses (35ms)
	RebuildNativeTypeToScriptingClass (14ms)
	initialDomainReloadingComplete (39ms)
	LoadAllAssembliesAndSetupDomain (579ms)
		LoadAssemblies (349ms)
		RebuildTransferFunctionScriptingTraits (0ms)
		AnalyzeDomain (292ms)
			TypeCache.Refresh (286ms)
				TypeCache.ScanAssembly (273ms)
			ScanForSourceGeneratedMonoScriptInfo (0ms)
			ResolveRequiredComponents (6ms)
	FinalizeReload (1075ms)
		ReleaseScriptCaches (0ms)
		RebuildScriptCaches (0ms)
		SetupLoadedEditorAssemblies (398ms)
			LogAssemblyErrors (0ms)
			InitializePlatformSupportModulesInManaged (46ms)
			SetLoadedEditorAssemblies (4ms)
			RefreshPlugins (0ms)
			BeforeProcessingInitializeOnLoad (88ms)
			ProcessInitializeOnLoadAttributes (223ms)
			ProcessInitializeOnLoadMethodAttributes (27ms)
			AfterProcessingInitializeOnLoad (10ms)
			EditorAssembliesLoaded (0ms)
		ExecutionOrderSort2 (0ms)
		AwakeInstancesAfterBackupRestoration (14ms)
Refreshing native plugins compatible for Editor in 10.89 ms, found 4 plugins.
Preloading 0 native plugins for Editor in 0.00 ms.
Unloading 4018 Unused Serialized files (Serialized files now loaded: 0)
Unloading 41 unused Assets / (217.3 KB). Loaded Objects now: 4507.
Memory consumption went from 142.9 MB to 142.7 MB.
Total: 4.202900 ms (FindLiveObjects: 0.634600 ms CreateObjectMapping: 0.146700 ms MarkObjects: 3.099900 ms  DeleteObjects: 0.319900 ms)

Prepare: number of updated asset objects reloaded= 0
AssetImportParameters requested are different than current active one (requested -> active):
  custom:container-demuxer-ogg: 62fdf1f143b41e24485cea50d1cbac27 -> 
  custom:video-decoder-ogg-theora: a1e56fd34408186e4bbccfd4996cb3dc -> 
  custom:framework-win-MediaFoundation: 216162199b28c13a410421893ffa2e32 -> 
  custom:CustomObjectIndexerAttribute: 756ad292c208cfabdd7b50bc23989ffe -> 
  custom:scripting/monoscript/fileName/GetActionInput.cs: 8316ea1e17d8f1a9165ee33b7b5b057b -> 
  custom:container-demuxer-webm: 4f35f7cbe854078d1ac9338744f61a02 -> 
  custom:container-muxer-webm: aa71ff27fc2769a1b78a27578f13a17b -> 
  custom:video-decoder-webm-vp8: 9c59270c3fd7afecdb556c50c9e8de78 -> 
  custom:AudioImporter_EditorPlatform: d09bf68614088b80899f8185d706f6e7 -> 
  custom:video-encoder-webm-vp8: eb34c28f22e8b96e1ab97ce403110664 -> 
  custom:audio-decoder-ogg-vorbis: bf7c407c2cedff20999df2af8eb42d56 -> 
  custom:audio-encoder-webm-vorbis: bf7c407c2cedff20999df2af8eb42d56 -> 
========================================================================
Received Prepare
Begin MonoManager ReloadAssembly
Symbol file LoadedFromMemory doesn't match image C:\ijunior\GitHub\FlappyTerminator-homework\FlappyTerminator-homework\Library\PackageCache\com.unity.visualscripting@1.8.0\Editor\VisualScripting.Core\Dependencies\YamlDotNet\Unity.VisualScripting.YamlDotNet.dll
Symbol file LoadedFromMemory doesn't match image C:\ijunior\GitHub\FlappyTerminator-homework\FlappyTerminator-homework\Library\PackageCache\com.unity.visualscripting@1.8.0\Editor\VisualScripting.Core\Dependencies\DotNetZip\Unity.VisualScripting.IonicZip.dll
- Loaded All Assemblies, in  0.887 seconds
Refreshing native plugins compatible for Editor in 5.54 ms, found 4 plugins.
Native extension for WindowsStandalone target not found
Native extension for iOS target not found
Native extension for Android target not found
Native extension for WebGL target not found
Mono: successfully reloaded assembly
- Finished resetting the current domain, in  1.061 seconds
Domain Reload Profiling: 1941ms
	BeginReloadAssembly (179ms)
		ExecutionOrderSort (0ms)
		DisableScriptedObjects (14ms)
		BackupInstance (0ms)
		ReleaseScriptingObjects (0ms)
		CreateAndSetChildDomain (45ms)
	RebuildCommonClasses (35ms)
	RebuildNativeTypeToScriptingClass (12ms)
	initialDomainReloadingComplete (38ms)
	LoadAllAssembliesAndSetupDomain (615ms)
		LoadAssemblies (391ms)
		RebuildTransferFunctionScriptingTraits (0ms)
		AnalyzeDomain (295ms)
			TypeCache.Refresh (282ms)
				TypeCache.ScanAssembly (270ms)
			ScanForSourceGeneratedMonoScriptInfo (3ms)
			ResolveRequiredComponents (10ms)
	FinalizeReload (1062ms)
		ReleaseScriptCaches (0ms)
		RebuildScriptCaches (0ms)
		SetupLoadedEditorAssemblies (394ms)
			LogAssemblyErrors (0ms)
			InitializePlatformSupportModulesInManaged (42ms)
			SetLoadedEditorAssemblies (3ms)
			RefreshPlugins (0ms)
			BeforeProcessingInitializeOnLoad (83ms)
			ProcessInitializeOnLoadAttributes (214ms)
			ProcessInitializeOnLoadMethodAttributes (40ms)
			AfterProcessingInitializeOnLoad (12ms)
			EditorAssembliesLoaded (0ms)
		ExecutionOrderSort2 (0ms)
		AwakeInstancesAfterBackupRestoration (13ms)
Refreshing native plugins compatible for Editor in 8.13 ms, found 4 plugins.
Preloading 0 native plugins for Editor in 0.00 ms.
Unloading 4018 Unused Serialized files (Serialized files now loaded: 0)
Unloading 41 unused Assets / (218.4 KB). Loaded Objects now: 4511.
Memory consumption went from 142.9 MB to 142.7 MB.
Total: 3.281000 ms (FindLiveObjects: 0.362800 ms CreateObjectMapping: 0.110300 ms MarkObjects: 2.583300 ms  DeleteObjects: 0.223400 ms)

Prepare: number of updated asset objects reloaded= 0
AssetImportParameters requested are different than current active one (requested -> active):
  custom:container-demuxer-ogg: 62fdf1f143b41e24485cea50d1cbac27 -> 
  custom:video-decoder-ogg-theora: a1e56fd34408186e4bbccfd4996cb3dc -> 
  custom:framework-win-MediaFoundation: 216162199b28c13a410421893ffa2e32 -> 
  custom:CustomObjectIndexerAttribute: 756ad292c208cfabdd7b50bc23989ffe -> 
  custom:scripting/monoscript/fileName/GetActionInput.cs: 8316ea1e17d8f1a9165ee33b7b5b057b -> 
  custom:container-demuxer-webm: 4f35f7cbe854078d1ac9338744f61a02 -> 
  custom:container-muxer-webm: aa71ff27fc2769a1b78a27578f13a17b -> 
  custom:video-decoder-webm-vp8: 9c59270c3fd7afecdb556c50c9e8de78 -> 
  custom:AudioImporter_EditorPlatform: d09bf68614088b80899f8185d706f6e7 -> 
  custom:video-encoder-webm-vp8: eb34c28f22e8b96e1ab97ce403110664 -> 
  custom:audio-decoder-ogg-vorbis: bf7c407c2cedff20999df2af8eb42d56 -> 
  custom:audio-encoder-webm-vorbis: bf7c407c2cedff20999df2af8eb42d56 -> 
========================================================================
Received Prepare
Begin MonoManager ReloadAssembly
Symbol file LoadedFromMemory doesn't match image C:\ijunior\GitHub\FlappyTerminator-homework\FlappyTerminator-homework\Library\PackageCache\com.unity.visualscripting@1.8.0\Editor\VisualScripting.Core\Dependencies\YamlDotNet\Unity.VisualScripting.YamlDotNet.dll
Symbol file LoadedFromMemory doesn't match image C:\ijunior\GitHub\FlappyTerminator-homework\FlappyTerminator-homework\Library\PackageCache\com.unity.visualscripting@1.8.0\Editor\VisualScripting.Core\Dependencies\DotNetZip\Unity.VisualScripting.IonicZip.dll
- Loaded All Assemblies, in  0.833 seconds
Refreshing native plugins compatible for Editor in 6.68 ms, found 4 plugins.
Native extension for WindowsStandalone target not found
Native extension for iOS target not found
Native extension for Android target not found
Native extension for WebGL target not found
Mono: successfully reloaded assembly
- Finished resetting the current domain, in  1.170 seconds
Domain Reload Profiling: 1996ms
	BeginReloadAssembly (163ms)
		ExecutionOrderSort (0ms)
		DisableScriptedObjects (12ms)
		BackupInstance (0ms)
		ReleaseScriptingObjects (0ms)
		CreateAndSetChildDomain (41ms)
	RebuildCommonClasses (36ms)
	RebuildNativeTypeToScriptingClass (11ms)
	initialDomainReloadingComplete (37ms)
	LoadAllAssembliesAndSetupDomain (577ms)
		LoadAssemblies (355ms)
		RebuildTransferFunctionScriptingTraits (0ms)
		AnalyzeDomain (283ms)
			TypeCache.Refresh (278ms)
				TypeCache.ScanAssembly (266ms)
			ScanForSourceGeneratedMonoScriptInfo (0ms)
			ResolveRequiredComponents (5ms)
	FinalizeReload (1171ms)
		ReleaseScriptCaches (0ms)
		RebuildScriptCaches (0ms)
		SetupLoadedEditorAssemblies (462ms)
			LogAssemblyErrors (0ms)
			InitializePlatformSupportModulesInManaged (45ms)
			SetLoadedEditorAssemblies (4ms)
			RefreshPlugins (0ms)
			BeforeProcessingInitializeOnLoad (106ms)
			ProcessInitializeOnLoadAttributes (256ms)
			ProcessInitializeOnLoadMethodAttributes (38ms)
			AfterProcessingInitializeOnLoad (13ms)
			EditorAssembliesLoaded (0ms)
		ExecutionOrderSort2 (0ms)
		AwakeInstancesAfterBackupRestoration (17ms)
Refreshing native plugins compatible for Editor in 12.64 ms, found 4 plugins.
Preloading 0 native plugins for Editor in 0.00 ms.
Unloading 4018 Unused Serialized files (Serialized files now loaded: 0)
Unloading 41 unused Assets / (217.5 KB). Loaded Objects now: 4515.
Memory consumption went from 142.9 MB to 142.7 MB.
Total: 8.675400 ms (FindLiveObjects: 1.068700 ms CreateObjectMapping: 0.674900 ms MarkObjects: 6.603300 ms  DeleteObjects: 0.327000 ms)

Prepare: number of updated asset objects reloaded= 0
AssetImportParameters requested are different than current active one (requested -> active):
  custom:container-demuxer-ogg: 62fdf1f143b41e24485cea50d1cbac27 -> 
  custom:video-decoder-ogg-theora: a1e56fd34408186e4bbccfd4996cb3dc -> 
  custom:framework-win-MediaFoundation: 216162199b28c13a410421893ffa2e32 -> 
  custom:CustomObjectIndexerAttribute: 756ad292c208cfabdd7b50bc23989ffe -> 
  custom:scripting/monoscript/fileName/GetActionInput.cs: 8316ea1e17d8f1a9165ee33b7b5b057b -> 
  custom:container-demuxer-webm: 4f35f7cbe854078d1ac9338744f61a02 -> 
  custom:container-muxer-webm: aa71ff27fc2769a1b78a27578f13a17b -> 
  custom:video-decoder-webm-vp8: 9c59270c3fd7afecdb556c50c9e8de78 -> 
  custom:AudioImporter_EditorPlatform: d09bf68614088b80899f8185d706f6e7 -> 
  custom:video-encoder-webm-vp8: eb34c28f22e8b96e1ab97ce403110664 -> 
  custom:audio-decoder-ogg-vorbis: bf7c407c2cedff20999df2af8eb42d56 -> 
  custom:audio-encoder-webm-vorbis: bf7c407c2cedff20999df2af8eb42d56 -> 
========================================================================
Received Prepare
Begin MonoManager ReloadAssembly
Symbol file LoadedFromMemory doesn't match image C:\ijunior\GitHub\FlappyTerminator-homework\FlappyTerminator-homework\Library\PackageCache\com.unity.visualscripting@1.8.0\Editor\VisualScripting.Core\Dependencies\YamlDotNet\Unity.VisualScripting.YamlDotNet.dll
Symbol file LoadedFromMemory doesn't match image C:\ijunior\GitHub\FlappyTerminator-homework\FlappyTerminator-homework\Library\PackageCache\com.unity.visualscripting@1.8.0\Editor\VisualScripting.Core\Dependencies\DotNetZip\Unity.VisualScripting.IonicZip.dll
- Loaded All Assemblies, in  0.934 seconds
Refreshing native plugins compatible for Editor in 5.86 ms, found 4 plugins.
Native extension for WindowsStandalone target not found
Native extension for iOS target not found
Native extension for Android target not found
Native extension for WebGL target not found
Mono: successfully reloaded assembly
- Finished resetting the current domain, in  1.028 seconds
Domain Reload Profiling: 1954ms
	BeginReloadAssembly (188ms)
		ExecutionOrderSort (0ms)
		DisableScriptedObjects (14ms)
		BackupInstance (0ms)
		ReleaseScriptingObjects (0ms)
		CreateAndSetChildDomain (46ms)
	RebuildCommonClasses (40ms)
	RebuildNativeTypeToScriptingClass (16ms)
	initialDomainReloadingComplete (47ms)
	LoadAllAssembliesAndSetupDomain (635ms)
		LoadAssemblies (421ms)
		RebuildTransferFunctionScriptingTraits (0ms)
		AnalyzeDomain (292ms)
			TypeCache.Refresh (281ms)
				TypeCache.ScanAssembly (266ms)
			ScanForSourceGeneratedMonoScriptInfo (4ms)
			ResolveRequiredComponents (7ms)
	FinalizeReload (1029ms)
		ReleaseScriptCaches (0ms)
		RebuildScriptCaches (0ms)
		SetupLoadedEditorAssemblies (369ms)
			LogAssemblyErrors (0ms)
			InitializePlatformSupportModulesInManaged (39ms)
			SetLoadedEditorAssemblies (3ms)
			RefreshPlugins (0ms)
			BeforeProcessingInitializeOnLoad (80ms)
			ProcessInitializeOnLoadAttributes (204ms)
			ProcessInitializeOnLoadMethodAttributes (32ms)
			AfterProcessingInitializeOnLoad (11ms)
			EditorAssembliesLoaded (0ms)
		ExecutionOrderSort2 (0ms)
		AwakeInstancesAfterBackupRestoration (12ms)
Refreshing native plugins compatible for Editor in 10.71 ms, found 4 plugins.
Preloading 0 native plugins for Editor in 0.00 ms.
Unloading 4018 Unused Serialized files (Serialized files now loaded: 0)
Unloading 41 unused Assets / (217.2 KB). Loaded Objects now: 4519.
Memory consumption went from 142.9 MB to 142.7 MB.
Total: 3.468500 ms (FindLiveObjects: 0.440900 ms CreateObjectMapping: 0.096200 ms MarkObjects: 2.715400 ms  DeleteObjects: 0.215100 ms)

Prepare: number of updated asset objects reloaded= 0
AssetImportParameters requested are different than current active one (requested -> active):
  custom:container-demuxer-ogg: 62fdf1f143b41e24485cea50d1cbac27 -> 
  custom:video-decoder-ogg-theora: a1e56fd34408186e4bbccfd4996cb3dc -> 
  custom:framework-win-MediaFoundation: 216162199b28c13a410421893ffa2e32 -> 
  custom:CustomObjectIndexerAttribute: 756ad292c208cfabdd7b50bc23989ffe -> 
  custom:scripting/monoscript/fileName/GetActionInput.cs: 8316ea1e17d8f1a9165ee33b7b5b057b -> 
  custom:container-demuxer-webm: 4f35f7cbe854078d1ac9338744f61a02 -> 
  custom:container-muxer-webm: aa71ff27fc2769a1b78a27578f13a17b -> 
  custom:video-decoder-webm-vp8: 9c59270c3fd7afecdb556c50c9e8de78 -> 
  custom:AudioImporter_EditorPlatform: d09bf68614088b80899f8185d706f6e7 -> 
  custom:video-encoder-webm-vp8: eb34c28f22e8b96e1ab97ce403110664 -> 
  custom:audio-decoder-ogg-vorbis: bf7c407c2cedff20999df2af8eb42d56 -> 
  custom:audio-encoder-webm-vorbis: bf7c407c2cedff20999df2af8eb42d56 -> 
========================================================================
Received Prepare
Begin MonoManager ReloadAssembly
Symbol file LoadedFromMemory doesn't match image C:\ijunior\GitHub\FlappyTerminator-homework\FlappyTerminator-homework\Library\PackageCache\com.unity.visualscripting@1.8.0\Editor\VisualScripting.Core\Dependencies\YamlDotNet\Unity.VisualScripting.YamlDotNet.dll
Symbol file LoadedFromMemory doesn't match image C:\ijunior\GitHub\FlappyTerminator-homework\FlappyTerminator-homework\Library\PackageCache\com.unity.visualscripting@1.8.0\Editor\VisualScripting.Core\Dependencies\DotNetZip\Unity.VisualScripting.IonicZip.dll
- Loaded All Assemblies, in  0.962 seconds
Refreshing native plugins compatible for Editor in 7.18 ms, found 4 plugins.
Native extension for WindowsStandalone target not found
Native extension for iOS target not found
Native extension for Android target not found
Native extension for WebGL target not found
Mono: successfully reloaded assembly
- Finished resetting the current domain, in  1.156 seconds
Domain Reload Profiling: 2109ms
	BeginReloadAssembly (212ms)
		ExecutionOrderSort (0ms)
		DisableScriptedObjects (19ms)
		BackupInstance (0ms)
		ReleaseScriptingObjects (0ms)
		CreateAndSetChildDomain (49ms)
	RebuildCommonClasses (51ms)
	RebuildNativeTypeToScriptingClass (17ms)
	initialDomainReloadingComplete (55ms)
	LoadAllAssembliesAndSetupDomain (617ms)
		LoadAssemblies (409ms)
		RebuildTransferFunctionScriptingTraits (0ms)
		AnalyzeDomain (301ms)
			TypeCache.Refresh (292ms)
				TypeCache.ScanAssembly (277ms)
			ScanForSourceGeneratedMonoScriptInfo (4ms)
			ResolveRequiredComponents (5ms)
	FinalizeReload (1157ms)
		ReleaseScriptCaches (0ms)
		RebuildScriptCaches (0ms)
		SetupLoadedEditorAssemblies (435ms)
			LogAssemblyErrors (0ms)
			InitializePlatformSupportModulesInManaged (43ms)
			SetLoadedEditorAssemblies (3ms)
			RefreshPlugins (0ms)
			BeforeProcessingInitializeOnLoad (93ms)
			ProcessInitializeOnLoadAttributes (251ms)
			ProcessInitializeOnLoadMethodAttributes (32ms)
			AfterProcessingInitializeOnLoad (13ms)
			EditorAssembliesLoaded (0ms)
		ExecutionOrderSort2 (0ms)
		AwakeInstancesAfterBackupRestoration (13ms)
Refreshing native plugins compatible for Editor in 8.81 ms, found 4 plugins.
Preloading 0 native plugins for Editor in 0.00 ms.
Unloading 4018 Unused Serialized files (Serialized files now loaded: 0)
Unloading 41 unused Assets / (217.4 KB). Loaded Objects now: 4523.
Memory consumption went from 142.9 MB to 142.7 MB.
Total: 3.431700 ms (FindLiveObjects: 0.422000 ms CreateObjectMapping: 0.094900 ms MarkObjects: 2.651800 ms  DeleteObjects: 0.261700 ms)

Prepare: number of updated asset objects reloaded= 0
AssetImportParameters requested are different than current active one (requested -> active):
  custom:container-demuxer-ogg: 62fdf1f143b41e24485cea50d1cbac27 -> 
  custom:video-decoder-ogg-theora: a1e56fd34408186e4bbccfd4996cb3dc -> 
  custom:framework-win-MediaFoundation: 216162199b28c13a410421893ffa2e32 -> 
  custom:CustomObjectIndexerAttribute: 756ad292c208cfabdd7b50bc23989ffe -> 
  custom:scripting/monoscript/fileName/GetActionInput.cs: 8316ea1e17d8f1a9165ee33b7b5b057b -> 
  custom:container-demuxer-webm: 4f35f7cbe854078d1ac9338744f61a02 -> 
  custom:container-muxer-webm: aa71ff27fc2769a1b78a27578f13a17b -> 
  custom:video-decoder-webm-vp8: 9c59270c3fd7afecdb556c50c9e8de78 -> 
  custom:AudioImporter_EditorPlatform: d09bf68614088b80899f8185d706f6e7 -> 
  custom:video-encoder-webm-vp8: eb34c28f22e8b96e1ab97ce403110664 -> 
  custom:audio-decoder-ogg-vorbis: bf7c407c2cedff20999df2af8eb42d56 -> 
  custom:audio-encoder-webm-vorbis: bf7c407c2cedff20999df2af8eb42d56 -> 
========================================================================
Received Prepare
Begin MonoManager ReloadAssembly
Symbol file LoadedFromMemory doesn't match image C:\ijunior\GitHub\FlappyTerminator-homework\FlappyTerminator-homework\Library\PackageCache\com.unity.visualscripting@1.8.0\Editor\VisualScripting.Core\Dependencies\YamlDotNet\Unity.VisualScripting.YamlDotNet.dll
Symbol file LoadedFromMemory doesn't match image C:\ijunior\GitHub\FlappyTerminator-homework\FlappyTerminator-homework\Library\PackageCache\com.unity.visualscripting@1.8.0\Editor\VisualScripting.Core\Dependencies\DotNetZip\Unity.VisualScripting.IonicZip.dll
- Loaded All Assemblies, in  0.912 seconds
Refreshing native plugins compatible for Editor in 7.40 ms, found 4 plugins.
Native extension for WindowsStandalone target not found
Native extension for iOS target not found
Native extension for Android target not found
Native extension for WebGL target not found
Mono: successfully reloaded assembly
- Finished resetting the current domain, in  1.150 seconds
Domain Reload Profiling: 2054ms
	BeginReloadAssembly (168ms)
		ExecutionOrderSort (0ms)
		DisableScriptedObjects (13ms)
		BackupInstance (0ms)
		ReleaseScriptingObjects (0ms)
		CreateAndSetChildDomain (43ms)
	RebuildCommonClasses (35ms)
	RebuildNativeTypeToScriptingClass (15ms)
	initialDomainReloadingComplete (43ms)
	LoadAllAssembliesAndSetupDomain (643ms)
		LoadAssemblies (374ms)
		RebuildTransferFunctionScriptingTraits (0ms)
		AnalyzeDomain (336ms)
			TypeCache.Refresh (327ms)
				TypeCache.ScanAssembly (313ms)
			ScanForSourceGeneratedMonoScriptInfo (3ms)
			ResolveRequiredComponents (6ms)
	FinalizeReload (1150ms)
		ReleaseScriptCaches (0ms)
		RebuildScriptCaches (0ms)
		SetupLoadedEditorAssemblies (406ms)
			LogAssemblyErrors (0ms)
			InitializePlatformSupportModulesInManaged (41ms)
			SetLoadedEditorAssemblies (3ms)
			RefreshPlugins (0ms)
			BeforeProcessingInitializeOnLoad (86ms)
			ProcessInitializeOnLoadAttributes (231ms)
			ProcessInitializeOnLoadMethodAttributes (30ms)
			AfterProcessingInitializeOnLoad (14ms)
			EditorAssembliesLoaded (0ms)
		ExecutionOrderSort2 (0ms)
		AwakeInstancesAfterBackupRestoration (14ms)
Refreshing native plugins compatible for Editor in 8.61 ms, found 4 plugins.
Preloading 0 native plugins for Editor in 0.00 ms.
Unloading 4018 Unused Serialized files (Serialized files now loaded: 0)
Unloading 41 unused Assets / (217.3 KB). Loaded Objects now: 4527.
Memory consumption went from 142.9 MB to 142.7 MB.
Total: 4.989400 ms (FindLiveObjects: 0.686800 ms CreateObjectMapping: 0.397400 ms MarkObjects: 3.417200 ms  DeleteObjects: 0.486500 ms)

Prepare: number of updated asset objects reloaded= 0
AssetImportParameters requested are different than current active one (requested -> active):
  custom:container-demuxer-ogg: 62fdf1f143b41e24485cea50d1cbac27 -> 
  custom:video-decoder-ogg-theora: a1e56fd34408186e4bbccfd4996cb3dc -> 
  custom:framework-win-MediaFoundation: 216162199b28c13a410421893ffa2e32 -> 
  custom:CustomObjectIndexerAttribute: 756ad292c208cfabdd7b50bc23989ffe -> 
  custom:scripting/monoscript/fileName/GetActionInput.cs: 8316ea1e17d8f1a9165ee33b7b5b057b -> 
  custom:container-demuxer-webm: 4f35f7cbe854078d1ac9338744f61a02 -> 
  custom:container-muxer-webm: aa71ff27fc2769a1b78a27578f13a17b -> 
  custom:video-decoder-webm-vp8: 9c59270c3fd7afecdb556c50c9e8de78 -> 
  custom:AudioImporter_EditorPlatform: d09bf68614088b80899f8185d706f6e7 -> 
  custom:video-encoder-webm-vp8: eb34c28f22e8b96e1ab97ce403110664 -> 
  custom:audio-decoder-ogg-vorbis: bf7c407c2cedff20999df2af8eb42d56 -> 
  custom:audio-encoder-webm-vorbis: bf7c407c2cedff20999df2af8eb42d56 -> 
========================================================================
Received Prepare
Begin MonoManager ReloadAssembly
Symbol file LoadedFromMemory doesn't match image C:\ijunior\GitHub\FlappyTerminator-homework\FlappyTerminator-homework\Library\PackageCache\com.unity.visualscripting@1.8.0\Editor\VisualScripting.Core\Dependencies\YamlDotNet\Unity.VisualScripting.YamlDotNet.dll
Symbol file LoadedFromMemory doesn't match image C:\ijunior\GitHub\FlappyTerminator-homework\FlappyTerminator-homework\Library\PackageCache\com.unity.visualscripting@1.8.0\Editor\VisualScripting.Core\Dependencies\DotNetZip\Unity.VisualScripting.IonicZip.dll
- Loaded All Assemblies, in  0.852 seconds
Refreshing native plugins compatible for Editor in 6.17 ms, found 4 plugins.
Native extension for WindowsStandalone target not found
Native extension for iOS target not found
Native extension for Android target not found
Native extension for WebGL target not found
Mono: successfully reloaded assembly
- Finished resetting the current domain, in  1.053 seconds
Domain Reload Profiling: 1898ms
	BeginReloadAssembly (164ms)
		ExecutionOrderSort (0ms)
		DisableScriptedObjects (12ms)
		BackupInstance (0ms)
		ReleaseScriptingObjects (0ms)
		CreateAndSetChildDomain (45ms)
	RebuildCommonClasses (34ms)
	RebuildNativeTypeToScriptingClass (14ms)
	initialDomainReloadingComplete (41ms)
	LoadAllAssembliesAndSetupDomain (592ms)
		LoadAssemblies (350ms)
		RebuildTransferFunctionScriptingTraits (0ms)
		AnalyzeDomain (301ms)
			TypeCache.Refresh (292ms)
				TypeCache.ScanAssembly (278ms)
			ScanForSourceGeneratedMonoScriptInfo (4ms)
			ResolveRequiredComponents (6ms)
	FinalizeReload (1053ms)
		ReleaseScriptCaches (0ms)
		RebuildScriptCaches (0ms)
		SetupLoadedEditorAssemblies (385ms)
			LogAssemblyErrors (0ms)
			InitializePlatformSupportModulesInManaged (39ms)
			SetLoadedEditorAssemblies (3ms)
			RefreshPlugins (0ms)
			BeforeProcessingInitializeOnLoad (86ms)
			ProcessInitializeOnLoadAttributes (210ms)
			ProcessInitializeOnLoadMethodAttributes (35ms)
			AfterProcessingInitializeOnLoad (12ms)
			EditorAssembliesLoaded (0ms)
		ExecutionOrderSort2 (0ms)
		AwakeInstancesAfterBackupRestoration (14ms)
Refreshing native plugins compatible for Editor in 9.68 ms, found 4 plugins.
Preloading 0 native plugins for Editor in 0.00 ms.
Unloading 4018 Unused Serialized files (Serialized files now loaded: 0)
Unloading 41 unused Assets / (217.3 KB). Loaded Objects now: 4531.
Memory consumption went from 142.9 MB to 142.7 MB.
Total: 3.746000 ms (FindLiveObjects: 0.455800 ms CreateObjectMapping: 0.096500 ms MarkObjects: 2.971200 ms  DeleteObjects: 0.221400 ms)

Prepare: number of updated asset objects reloaded= 0
AssetImportParameters requested are different than current active one (requested -> active):
  custom:container-demuxer-ogg: 62fdf1f143b41e24485cea50d1cbac27 -> 
  custom:video-decoder-ogg-theora: a1e56fd34408186e4bbccfd4996cb3dc -> 
  custom:framework-win-MediaFoundation: 216162199b28c13a410421893ffa2e32 -> 
  custom:CustomObjectIndexerAttribute: 756ad292c208cfabdd7b50bc23989ffe -> 
  custom:scripting/monoscript/fileName/GetActionInput.cs: 8316ea1e17d8f1a9165ee33b7b5b057b -> 
  custom:container-demuxer-webm: 4f35f7cbe854078d1ac9338744f61a02 -> 
  custom:container-muxer-webm: aa71ff27fc2769a1b78a27578f13a17b -> 
  custom:video-decoder-webm-vp8: 9c59270c3fd7afecdb556c50c9e8de78 -> 
  custom:AudioImporter_EditorPlatform: d09bf68614088b80899f8185d706f6e7 -> 
  custom:video-encoder-webm-vp8: eb34c28f22e8b96e1ab97ce403110664 -> 
  custom:audio-decoder-ogg-vorbis: bf7c407c2cedff20999df2af8eb42d56 -> 
  custom:audio-encoder-webm-vorbis: bf7c407c2cedff20999df2af8eb42d56 -> 
========================================================================
Received Prepare
Begin MonoManager ReloadAssembly
Symbol file LoadedFromMemory doesn't match image C:\ijunior\GitHub\FlappyTerminator-homework\FlappyTerminator-homework\Library\PackageCache\com.unity.visualscripting@1.8.0\Editor\VisualScripting.Core\Dependencies\YamlDotNet\Unity.VisualScripting.YamlDotNet.dll
Symbol file LoadedFromMemory doesn't match image C:\ijunior\GitHub\FlappyTerminator-homework\FlappyTerminator-homework\Library\PackageCache\com.unity.visualscripting@1.8.0\Editor\VisualScripting.Core\Dependencies\DotNetZip\Unity.VisualScripting.IonicZip.dll
- Loaded All Assemblies, in  0.953 seconds
Refreshing native plugins compatible for Editor in 7.62 ms, found 4 plugins.
Native extension for WindowsStandalone target not found
Native extension for iOS target not found
Native extension for Android target not found
Native extension for WebGL target not found
Mono: successfully reloaded assembly
- Finished resetting the current domain, in  1.103 seconds
Domain Reload Profiling: 2047ms
	BeginReloadAssembly (205ms)
		ExecutionOrderSort (0ms)
		DisableScriptedObjects (15ms)
		BackupInstance (0ms)
		ReleaseScriptingObjects (0ms)
		CreateAndSetChildDomain (51ms)
	RebuildCommonClasses (43ms)
	RebuildNativeTypeToScriptingClass (16ms)
	initialDomainReloadingComplete (45ms)
	LoadAllAssembliesAndSetupDomain (634ms)
		LoadAssemblies (406ms)
		RebuildTransferFunctionScriptingTraits (0ms)
		AnalyzeDomain (312ms)
			TypeCache.Refresh (304ms)
				TypeCache.ScanAssembly (289ms)
			ScanForSourceGeneratedMonoScriptInfo (3ms)
			ResolveRequiredComponents (5ms)
	FinalizeReload (1103ms)
		ReleaseScriptCaches (0ms)
		RebuildScriptCaches (0ms)
		SetupLoadedEditorAssemblies (402ms)
			LogAssemblyErrors (0ms)
			InitializePlatformSupportModulesInManaged (41ms)
			SetLoadedEditorAssemblies (3ms)
			RefreshPlugins (0ms)
			BeforeProcessingInitializeOnLoad (93ms)
			ProcessInitializeOnLoadAttributes (223ms)
			ProcessInitializeOnLoadMethodAttributes (29ms)
			AfterProcessingInitializeOnLoad (13ms)
			EditorAssembliesLoaded (0ms)
		ExecutionOrderSort2 (0ms)
		AwakeInstancesAfterBackupRestoration (13ms)
Refreshing native plugins compatible for Editor in 9.64 ms, found 4 plugins.
Preloading 0 native plugins for Editor in 0.00 ms.
Unloading 4018 Unused Serialized files (Serialized files now loaded: 0)
Unloading 41 unused Assets / (217.3 KB). Loaded Objects now: 4535.
Memory consumption went from 142.9 MB to 142.7 MB.
Total: 4.174600 ms (FindLiveObjects: 0.456800 ms CreateObjectMapping: 0.119300 ms MarkObjects: 3.284400 ms  DeleteObjects: 0.312300 ms)

Prepare: number of updated asset objects reloaded= 0
AssetImportParameters requested are different than current active one (requested -> active):
  custom:container-demuxer-ogg: 62fdf1f143b41e24485cea50d1cbac27 -> 
  custom:video-decoder-ogg-theora: a1e56fd34408186e4bbccfd4996cb3dc -> 
  custom:framework-win-MediaFoundation: 216162199b28c13a410421893ffa2e32 -> 
  custom:CustomObjectIndexerAttribute: 756ad292c208cfabdd7b50bc23989ffe -> 
  custom:scripting/monoscript/fileName/GetActionInput.cs: 8316ea1e17d8f1a9165ee33b7b5b057b -> 
  custom:container-demuxer-webm: 4f35f7cbe854078d1ac9338744f61a02 -> 
  custom:container-muxer-webm: aa71ff27fc2769a1b78a27578f13a17b -> 
  custom:video-decoder-webm-vp8: 9c59270c3fd7afecdb556c50c9e8de78 -> 
  custom:AudioImporter_EditorPlatform: d09bf68614088b80899f8185d706f6e7 -> 
  custom:video-encoder-webm-vp8: eb34c28f22e8b96e1ab97ce403110664 -> 
  custom:audio-decoder-ogg-vorbis: bf7c407c2cedff20999df2af8eb42d56 -> 
  custom:audio-encoder-webm-vorbis: bf7c407c2cedff20999df2af8eb42d56 -> 
========================================================================
Received Prepare
Begin MonoManager ReloadAssembly
Symbol file LoadedFromMemory doesn't match image C:\ijunior\GitHub\FlappyTerminator-homework\FlappyTerminator-homework\Library\PackageCache\com.unity.visualscripting@1.8.0\Editor\VisualScripting.Core\Dependencies\YamlDotNet\Unity.VisualScripting.YamlDotNet.dll
Symbol file LoadedFromMemory doesn't match image C:\ijunior\GitHub\FlappyTerminator-homework\FlappyTerminator-homework\Library\PackageCache\com.unity.visualscripting@1.8.0\Editor\VisualScripting.Core\Dependencies\DotNetZip\Unity.VisualScripting.IonicZip.dll
- Loaded All Assemblies, in  0.895 seconds
Refreshing native plugins compatible for Editor in 6.20 ms, found 4 plugins.
Native extension for WindowsStandalone target not found
Native extension for iOS target not found
Native extension for Android target not found
Native extension for WebGL target not found
Mono: successfully reloaded assembly
- Finished resetting the current domain, in  1.272 seconds
Domain Reload Profiling: 2159ms
	BeginReloadAssembly (209ms)
		ExecutionOrderSort (0ms)
		DisableScriptedObjects (18ms)
		BackupInstance (0ms)
		ReleaseScriptingObjects (0ms)
		CreateAndSetChildDomain (52ms)
	RebuildCommonClasses (39ms)
	RebuildNativeTypeToScriptingClass (14ms)
	initialDomainReloadingComplete (43ms)
	LoadAllAssembliesAndSetupDomain (582ms)
		LoadAssemblies (381ms)
		RebuildTransferFunctionScriptingTraits (0ms)
		AnalyzeDomain (288ms)
			TypeCache.Refresh (279ms)
				TypeCache.ScanAssembly (266ms)
			ScanForSourceGeneratedMonoScriptInfo (4ms)
			ResolveRequiredComponents (6ms)
	FinalizeReload (1273ms)
		ReleaseScriptCaches (0ms)
		RebuildScriptCaches (0ms)
		SetupLoadedEditorAssemblies (449ms)
			LogAssemblyErrors (0ms)
			InitializePlatformSupportModulesInManaged (47ms)
			SetLoadedEditorAssemblies (3ms)
			RefreshPlugins (0ms)
			BeforeProcessingInitializeOnLoad (93ms)
			ProcessInitializeOnLoadAttributes (263ms)
			ProcessInitializeOnLoadMethodAttributes (30ms)
			AfterProcessingInitializeOnLoad (13ms)
			EditorAssembliesLoaded (0ms)
		ExecutionOrderSort2 (0ms)
		AwakeInstancesAfterBackupRestoration (13ms)
Refreshing native plugins compatible for Editor in 11.27 ms, found 4 plugins.
Preloading 0 native plugins for Editor in 0.00 ms.
Unloading 4018 Unused Serialized files (Serialized files now loaded: 0)
Unloading 41 unused Assets / (217.5 KB). Loaded Objects now: 4539.
Memory consumption went from 142.9 MB to 142.7 MB.
Total: 3.859600 ms (FindLiveObjects: 0.433900 ms CreateObjectMapping: 0.107400 ms MarkObjects: 3.034200 ms  DeleteObjects: 0.282400 ms)

Prepare: number of updated asset objects reloaded= 0
AssetImportParameters requested are different than current active one (requested -> active):
  custom:container-demuxer-ogg: 62fdf1f143b41e24485cea50d1cbac27 -> 
  custom:video-decoder-ogg-theora: a1e56fd34408186e4bbccfd4996cb3dc -> 
  custom:framework-win-MediaFoundation: 216162199b28c13a410421893ffa2e32 -> 
  custom:CustomObjectIndexerAttribute: 756ad292c208cfabdd7b50bc23989ffe -> 
  custom:scripting/monoscript/fileName/GetActionInput.cs: 8316ea1e17d8f1a9165ee33b7b5b057b -> 
  custom:container-demuxer-webm: 4f35f7cbe854078d1ac9338744f61a02 -> 
  custom:container-muxer-webm: aa71ff27fc2769a1b78a27578f13a17b -> 
  custom:video-decoder-webm-vp8: 9c59270c3fd7afecdb556c50c9e8de78 -> 
  custom:AudioImporter_EditorPlatform: d09bf68614088b80899f8185d706f6e7 -> 
  custom:video-encoder-webm-vp8: eb34c28f22e8b96e1ab97ce403110664 -> 
  custom:audio-decoder-ogg-vorbis: bf7c407c2cedff20999df2af8eb42d56 -> 
  custom:audio-encoder-webm-vorbis: bf7c407c2cedff20999df2af8eb42d56 -> 
========================================================================
Received Prepare
Begin MonoManager ReloadAssembly
Symbol file LoadedFromMemory doesn't match image C:\ijunior\GitHub\FlappyTerminator-homework\FlappyTerminator-homework\Library\PackageCache\com.unity.visualscripting@1.8.0\Editor\VisualScripting.Core\Dependencies\YamlDotNet\Unity.VisualScripting.YamlDotNet.dll
Symbol file LoadedFromMemory doesn't match image C:\ijunior\GitHub\FlappyTerminator-homework\FlappyTerminator-homework\Library\PackageCache\com.unity.visualscripting@1.8.0\Editor\VisualScripting.Core\Dependencies\DotNetZip\Unity.VisualScripting.IonicZip.dll
- Loaded All Assemblies, in  0.843 seconds
Refreshing native plugins compatible for Editor in 6.55 ms, found 4 plugins.
Native extension for WindowsStandalone target not found
Native extension for iOS target not found
Native extension for Android target not found
Native extension for WebGL target not found
Mono: successfully reloaded assembly
- Finished resetting the current domain, in  1.042 seconds
Domain Reload Profiling: 1879ms
	BeginReloadAssembly (170ms)
		ExecutionOrderSort (0ms)
		DisableScriptedObjects (14ms)
		BackupInstance (0ms)
		ReleaseScriptingObjects (0ms)
		CreateAndSetChildDomain (39ms)
	RebuildCommonClasses (38ms)
	RebuildNativeTypeToScriptingClass (14ms)
	initialDomainReloadingComplete (41ms)
	LoadAllAssembliesAndSetupDomain (573ms)
		LoadAssemblies (363ms)
		RebuildTransferFunctionScriptingTraits (0ms)
		AnalyzeDomain (275ms)
			TypeCache.Refresh (267ms)
				TypeCache.ScanAssembly (254ms)
			ScanForSourceGeneratedMonoScriptInfo (3ms)
			ResolveRequiredComponents (5ms)
	FinalizeReload (1043ms)
		ReleaseScriptCaches (0ms)
		RebuildScriptCaches (0ms)
		SetupLoadedEditorAssemblies (383ms)
			LogAssemblyErrors (0ms)
			InitializePlatformSupportModulesInManaged (39ms)
			SetLoadedEditorAssemblies (3ms)
			RefreshPlugins (0ms)
			BeforeProcessingInitializeOnLoad (85ms)
			ProcessInitializeOnLoadAttributes (206ms)
			ProcessInitializeOnLoadMethodAttributes (37ms)
			AfterProcessingInitializeOnLoad (12ms)
			EditorAssembliesLoaded (0ms)
		ExecutionOrderSort2 (0ms)
		AwakeInstancesAfterBackupRestoration (13ms)
Refreshing native plugins compatible for Editor in 8.61 ms, found 4 plugins.
Preloading 0 native plugins for Editor in 0.00 ms.
Unloading 4018 Unused Serialized files (Serialized files now loaded: 0)
Unloading 41 unused Assets / (217.2 KB). Loaded Objects now: 4543.
Memory consumption went from 142.9 MB to 142.7 MB.
Total: 4.618800 ms (FindLiveObjects: 0.645100 ms CreateObjectMapping: 0.127900 ms MarkObjects: 3.594300 ms  DeleteObjects: 0.250000 ms)

Prepare: number of updated asset objects reloaded= 0
AssetImportParameters requested are different than current active one (requested -> active):
  custom:container-demuxer-ogg: 62fdf1f143b41e24485cea50d1cbac27 -> 
  custom:video-decoder-ogg-theora: a1e56fd34408186e4bbccfd4996cb3dc -> 
  custom:framework-win-MediaFoundation: 216162199b28c13a410421893ffa2e32 -> 
  custom:CustomObjectIndexerAttribute: 756ad292c208cfabdd7b50bc23989ffe -> 
  custom:scripting/monoscript/fileName/GetActionInput.cs: 8316ea1e17d8f1a9165ee33b7b5b057b -> 
  custom:container-demuxer-webm: 4f35f7cbe854078d1ac9338744f61a02 -> 
  custom:container-muxer-webm: aa71ff27fc2769a1b78a27578f13a17b -> 
  custom:video-decoder-webm-vp8: 9c59270c3fd7afecdb556c50c9e8de78 -> 
  custom:AudioImporter_EditorPlatform: d09bf68614088b80899f8185d706f6e7 -> 
  custom:video-encoder-webm-vp8: eb34c28f22e8b96e1ab97ce403110664 -> 
  custom:audio-decoder-ogg-vorbis: bf7c407c2cedff20999df2af8eb42d56 -> 
  custom:audio-encoder-webm-vorbis: bf7c407c2cedff20999df2af8eb42d56 -> 
========================================================================
Received Prepare
Begin MonoManager ReloadAssembly
Symbol file LoadedFromMemory doesn't match image C:\ijunior\GitHub\FlappyTerminator-homework\FlappyTerminator-homework\Library\PackageCache\com.unity.visualscripting@1.8.0\Editor\VisualScripting.Core\Dependencies\YamlDotNet\Unity.VisualScripting.YamlDotNet.dll
Symbol file LoadedFromMemory doesn't match image C:\ijunior\GitHub\FlappyTerminator-homework\FlappyTerminator-homework\Library\PackageCache\com.unity.visualscripting@1.8.0\Editor\VisualScripting.Core\Dependencies\DotNetZip\Unity.VisualScripting.IonicZip.dll
- Loaded All Assemblies, in  0.820 seconds
Refreshing native plugins compatible for Editor in 6.70 ms, found 4 plugins.
Native extension for WindowsStandalone target not found
Native extension for iOS target not found
Native extension for Android target not found
Native extension for WebGL target not found
Mono: successfully reloaded assembly
- Finished resetting the current domain, in  1.170 seconds
Domain Reload Profiling: 1984ms
	BeginReloadAssembly (163ms)
		ExecutionOrderSort (0ms)
		DisableScriptedObjects (12ms)
		BackupInstance (0ms)
		ReleaseScriptingObjects (0ms)
		CreateAndSetChildDomain (41ms)
	RebuildCommonClasses (37ms)
	RebuildNativeTypeToScriptingClass (11ms)
	initialDomainReloadingComplete (38ms)
	LoadAllAssembliesAndSetupDomain (565ms)
		LoadAssemblies (347ms)
		RebuildTransferFunctionScriptingTraits (0ms)
		AnalyzeDomain (280ms)
			TypeCache.Refresh (275ms)
				TypeCache.ScanAssembly (264ms)
			ScanForSourceGeneratedMonoScriptInfo (0ms)
			ResolveRequiredComponents (5ms)
	FinalizeReload (1170ms)
		ReleaseScriptCaches (0ms)
		RebuildScriptCaches (0ms)
		SetupLoadedEditorAssemblies (468ms)
			LogAssemblyErrors (0ms)
			InitializePlatformSupportModulesInManaged (47ms)
			SetLoadedEditorAssemblies (4ms)
			RefreshPlugins (0ms)
			BeforeProcessingInitializeOnLoad (105ms)
			ProcessInitializeOnLoadAttributes (262ms)
			ProcessInitializeOnLoadMethodAttributes (38ms)
			AfterProcessingInitializeOnLoad (11ms)
			EditorAssembliesLoaded (0ms)
		ExecutionOrderSort2 (0ms)
		AwakeInstancesAfterBackupRestoration (15ms)
Refreshing native plugins compatible for Editor in 11.83 ms, found 4 plugins.
Preloading 0 native plugins for Editor in 0.00 ms.
Unloading 4018 Unused Serialized files (Serialized files now loaded: 0)
Unloading 41 unused Assets / (217.5 KB). Loaded Objects now: 4547.
Memory consumption went from 142.9 MB to 142.7 MB.
Total: 5.787400 ms (FindLiveObjects: 0.736700 ms CreateObjectMapping: 0.178000 ms MarkObjects: 4.590100 ms  DeleteObjects: 0.281100 ms)

Prepare: number of updated asset objects reloaded= 0
AssetImportParameters requested are different than current active one (requested -> active):
  custom:container-demuxer-ogg: 62fdf1f143b41e24485cea50d1cbac27 -> 
  custom:video-decoder-ogg-theora: a1e56fd34408186e4bbccfd4996cb3dc -> 
  custom:framework-win-MediaFoundation: 216162199b28c13a410421893ffa2e32 -> 
  custom:CustomObjectIndexerAttribute: 756ad292c208cfabdd7b50bc23989ffe -> 
  custom:scripting/monoscript/fileName/GetActionInput.cs: 8316ea1e17d8f1a9165ee33b7b5b057b -> 
  custom:container-demuxer-webm: 4f35f7cbe854078d1ac9338744f61a02 -> 
  custom:container-muxer-webm: aa71ff27fc2769a1b78a27578f13a17b -> 
  custom:video-decoder-webm-vp8: 9c59270c3fd7afecdb556c50c9e8de78 -> 
  custom:AudioImporter_EditorPlatform: d09bf68614088b80899f8185d706f6e7 -> 
  custom:video-encoder-webm-vp8: eb34c28f22e8b96e1ab97ce403110664 -> 
  custom:audio-decoder-ogg-vorbis: bf7c407c2cedff20999df2af8eb42d56 -> 
  custom:audio-encoder-webm-vorbis: bf7c407c2cedff20999df2af8eb42d56 -> 
========================================================================
Received Prepare
Begin MonoManager ReloadAssembly
Symbol file LoadedFromMemory doesn't match image C:\ijunior\GitHub\FlappyTerminator-homework\FlappyTerminator-homework\Library\PackageCache\com.unity.visualscripting@1.8.0\Editor\VisualScripting.Core\Dependencies\YamlDotNet\Unity.VisualScripting.YamlDotNet.dll
Symbol file LoadedFromMemory doesn't match image C:\ijunior\GitHub\FlappyTerminator-homework\FlappyTerminator-homework\Library\PackageCache\com.unity.visualscripting@1.8.0\Editor\VisualScripting.Core\Dependencies\DotNetZip\Unity.VisualScripting.IonicZip.dll
- Loaded All Assemblies, in  0.821 seconds
Refreshing native plugins compatible for Editor in 6.98 ms, found 4 plugins.
Native extension for WindowsStandalone target not found
Native extension for iOS target not found
Native extension for Android target not found
Native extension for WebGL target not found
Mono: successfully reloaded assembly
- Finished resetting the current domain, in  1.133 seconds
Domain Reload Profiling: 1947ms
	BeginReloadAssembly (166ms)
		ExecutionOrderSort (0ms)
		DisableScriptedObjects (12ms)
		BackupInstance (0ms)
		ReleaseScriptingObjects (0ms)
		CreateAndSetChildDomain (43ms)
	RebuildCommonClasses (34ms)
	RebuildNativeTypeToScriptingClass (12ms)
	initialDomainReloadingComplete (42ms)
	LoadAllAssembliesAndSetupDomain (560ms)
		LoadAssemblies (342ms)
		RebuildTransferFunctionScriptingTraits (0ms)
		AnalyzeDomain (283ms)
			TypeCache.Refresh (278ms)
				TypeCache.ScanAssembly (266ms)
			ScanForSourceGeneratedMonoScriptInfo (0ms)
			ResolveRequiredComponents (5ms)
	FinalizeReload (1134ms)
		ReleaseScriptCaches (0ms)
		RebuildScriptCaches (0ms)
		SetupLoadedEditorAssemblies (432ms)
			LogAssemblyErrors (0ms)
			InitializePlatformSupportModulesInManaged (45ms)
			SetLoadedEditorAssemblies (4ms)
			RefreshPlugins (0ms)
			BeforeProcessingInitializeOnLoad (107ms)
			ProcessInitializeOnLoadAttributes (234ms)
			ProcessInitializeOnLoadMethodAttributes (31ms)
			AfterProcessingInitializeOnLoad (10ms)
			EditorAssembliesLoaded (0ms)
		ExecutionOrderSort2 (0ms)
		AwakeInstancesAfterBackupRestoration (13ms)
Refreshing native plugins compatible for Editor in 9.67 ms, found 4 plugins.
Preloading 0 native plugins for Editor in 0.00 ms.
Unloading 4018 Unused Serialized files (Serialized files now loaded: 0)
Unloading 41 unused Assets / (217.3 KB). Loaded Objects now: 4551.
Memory consumption went from 142.9 MB to 142.7 MB.
Total: 5.075100 ms (FindLiveObjects: 0.695200 ms CreateObjectMapping: 0.159700 ms MarkObjects: 3.960600 ms  DeleteObjects: 0.258500 ms)

Prepare: number of updated asset objects reloaded= 0
AssetImportParameters requested are different than current active one (requested -> active):
  custom:container-demuxer-ogg: 62fdf1f143b41e24485cea50d1cbac27 -> 
  custom:video-decoder-ogg-theora: a1e56fd34408186e4bbccfd4996cb3dc -> 
  custom:framework-win-MediaFoundation: 216162199b28c13a410421893ffa2e32 -> 
  custom:CustomObjectIndexerAttribute: 756ad292c208cfabdd7b50bc23989ffe -> 
  custom:scripting/monoscript/fileName/GetActionInput.cs: 8316ea1e17d8f1a9165ee33b7b5b057b -> 
  custom:container-demuxer-webm: 4f35f7cbe854078d1ac9338744f61a02 -> 
  custom:container-muxer-webm: aa71ff27fc2769a1b78a27578f13a17b -> 
  custom:video-decoder-webm-vp8: 9c59270c3fd7afecdb556c50c9e8de78 -> 
  custom:AudioImporter_EditorPlatform: d09bf68614088b80899f8185d706f6e7 -> 
  custom:video-encoder-webm-vp8: eb34c28f22e8b96e1ab97ce403110664 -> 
  custom:audio-decoder-ogg-vorbis: bf7c407c2cedff20999df2af8eb42d56 -> 
  custom:audio-encoder-webm-vorbis: bf7c407c2cedff20999df2af8eb42d56 -> 
========================================================================
Received Prepare
Begin MonoManager ReloadAssembly
Symbol file LoadedFromMemory doesn't match image C:\ijunior\GitHub\FlappyTerminator-homework\FlappyTerminator-homework\Library\PackageCache\com.unity.visualscripting@1.8.0\Editor\VisualScripting.Core\Dependencies\YamlDotNet\Unity.VisualScripting.YamlDotNet.dll
Symbol file LoadedFromMemory doesn't match image C:\ijunior\GitHub\FlappyTerminator-homework\FlappyTerminator-homework\Library\PackageCache\com.unity.visualscripting@1.8.0\Editor\VisualScripting.Core\Dependencies\DotNetZip\Unity.VisualScripting.IonicZip.dll
- Loaded All Assemblies, in  0.945 seconds
Refreshing native plugins compatible for Editor in 6.85 ms, found 4 plugins.
Native extension for WindowsStandalone target not found
Native extension for iOS target not found
Native extension for Android target not found
Native extension for WebGL target not found
Mono: successfully reloaded assembly
- Finished resetting the current domain, in  1.076 seconds
Domain Reload Profiling: 2012ms
	BeginReloadAssembly (176ms)
		ExecutionOrderSort (0ms)
		DisableScriptedObjects (16ms)
		BackupInstance (0ms)
		ReleaseScriptingObjects (0ms)
		CreateAndSetChildDomain (41ms)
	RebuildCommonClasses (38ms)
	RebuildNativeTypeToScriptingClass (13ms)
	initialDomainReloadingComplete (38ms)
	LoadAllAssembliesAndSetupDomain (670ms)
		LoadAssemblies (402ms)
		RebuildTransferFunctionScriptingTraits (0ms)
		AnalyzeDomain (331ms)
			TypeCache.Refresh (322ms)
				TypeCache.ScanAssembly (306ms)
			ScanForSourceGeneratedMonoScriptInfo (4ms)
			ResolveRequiredComponents (5ms)
	FinalizeReload (1076ms)
		ReleaseScriptCaches (0ms)
		RebuildScriptCaches (0ms)
		SetupLoadedEditorAssemblies (382ms)
			LogAssemblyErrors (0ms)
			InitializePlatformSupportModulesInManaged (37ms)
			SetLoadedEditorAssemblies (3ms)
			RefreshPlugins (0ms)
			BeforeProcessingInitializeOnLoad (82ms)
			ProcessInitializeOnLoadAttributes (219ms)
			ProcessInitializeOnLoadMethodAttributes (29ms)
			AfterProcessingInitializeOnLoad (13ms)
			EditorAssembliesLoaded (0ms)
		ExecutionOrderSort2 (0ms)
		AwakeInstancesAfterBackupRestoration (14ms)
Refreshing native plugins compatible for Editor in 11.23 ms, found 4 plugins.
Preloading 0 native plugins for Editor in 0.00 ms.
Unloading 4018 Unused Serialized files (Serialized files now loaded: 0)
Unloading 41 unused Assets / (218.5 KB). Loaded Objects now: 4555.
Memory consumption went from 142.9 MB to 142.7 MB.
Total: 4.934600 ms (FindLiveObjects: 0.727700 ms CreateObjectMapping: 0.156800 ms MarkObjects: 3.716400 ms  DeleteObjects: 0.331800 ms)

Prepare: number of updated asset objects reloaded= 0
AssetImportParameters requested are different than current active one (requested -> active):
  custom:container-demuxer-ogg: 62fdf1f143b41e24485cea50d1cbac27 -> 
  custom:video-decoder-ogg-theora: a1e56fd34408186e4bbccfd4996cb3dc -> 
  custom:framework-win-MediaFoundation: 216162199b28c13a410421893ffa2e32 -> 
  custom:CustomObjectIndexerAttribute: 756ad292c208cfabdd7b50bc23989ffe -> 
  custom:scripting/monoscript/fileName/GetActionInput.cs: 8316ea1e17d8f1a9165ee33b7b5b057b -> 
  custom:container-demuxer-webm: 4f35f7cbe854078d1ac9338744f61a02 -> 
  custom:container-muxer-webm: aa71ff27fc2769a1b78a27578f13a17b -> 
  custom:video-decoder-webm-vp8: 9c59270c3fd7afecdb556c50c9e8de78 -> 
  custom:AudioImporter_EditorPlatform: d09bf68614088b80899f8185d706f6e7 -> 
  custom:video-encoder-webm-vp8: eb34c28f22e8b96e1ab97ce403110664 -> 
  custom:audio-decoder-ogg-vorbis: bf7c407c2cedff20999df2af8eb42d56 -> 
  custom:audio-encoder-webm-vorbis: bf7c407c2cedff20999df2af8eb42d56 -> 
========================================================================
Received Prepare
Begin MonoManager ReloadAssembly
Symbol file LoadedFromMemory doesn't match image C:\ijunior\GitHub\FlappyTerminator-homework\FlappyTerminator-homework\Library\PackageCache\com.unity.visualscripting@1.8.0\Editor\VisualScripting.Core\Dependencies\YamlDotNet\Unity.VisualScripting.YamlDotNet.dll
Symbol file LoadedFromMemory doesn't match image C:\ijunior\GitHub\FlappyTerminator-homework\FlappyTerminator-homework\Library\PackageCache\com.unity.visualscripting@1.8.0\Editor\VisualScripting.Core\Dependencies\DotNetZip\Unity.VisualScripting.IonicZip.dll
- Loaded All Assemblies, in  0.839 seconds
Refreshing native plugins compatible for Editor in 6.91 ms, found 4 plugins.
Native extension for WindowsStandalone target not found
Native extension for iOS target not found
Native extension for Android target not found
Native extension for WebGL target not found
Mono: successfully reloaded assembly
- Finished resetting the current domain, in  1.063 seconds
Domain Reload Profiling: 1896ms
	BeginReloadAssembly (168ms)
		ExecutionOrderSort (0ms)
		DisableScriptedObjects (14ms)
		BackupInstance (0ms)
		ReleaseScriptingObjects (0ms)
		CreateAndSetChildDomain (41ms)
	RebuildCommonClasses (37ms)
	RebuildNativeTypeToScriptingClass (14ms)
	initialDomainReloadingComplete (39ms)
	LoadAllAssembliesAndSetupDomain (575ms)
		LoadAssemblies (372ms)
		RebuildTransferFunctionScriptingTraits (0ms)
		AnalyzeDomain (270ms)
			TypeCache.Refresh (265ms)
				TypeCache.ScanAssembly (252ms)
			ScanForSourceGeneratedMonoScriptInfo (0ms)
			ResolveRequiredComponents (5ms)
	FinalizeReload (1064ms)
		ReleaseScriptCaches (0ms)
		RebuildScriptCaches (0ms)
		SetupLoadedEditorAssemblies (389ms)
			LogAssemblyErrors (0ms)
			InitializePlatformSupportModulesInManaged (41ms)
			SetLoadedEditorAssemblies (3ms)
			RefreshPlugins (0ms)
			BeforeProcessingInitializeOnLoad (91ms)
			ProcessInitializeOnLoadAttributes (216ms)
			ProcessInitializeOnLoadMethodAttributes (28ms)
			AfterProcessingInitializeOnLoad (10ms)
			EditorAssembliesLoaded (0ms)
		ExecutionOrderSort2 (0ms)
		AwakeInstancesAfterBackupRestoration (13ms)
Refreshing native plugins compatible for Editor in 8.67 ms, found 4 plugins.
Preloading 0 native plugins for Editor in 0.00 ms.
Unloading 4018 Unused Serialized files (Serialized files now loaded: 0)
Unloading 41 unused Assets / (217.3 KB). Loaded Objects now: 4559.
Memory consumption went from 142.9 MB to 142.7 MB.
Total: 4.667000 ms (FindLiveObjects: 0.726200 ms CreateObjectMapping: 0.130300 ms MarkObjects: 3.549600 ms  DeleteObjects: 0.259500 ms)

Prepare: number of updated asset objects reloaded= 0
AssetImportParameters requested are different than current active one (requested -> active):
  custom:container-demuxer-ogg: 62fdf1f143b41e24485cea50d1cbac27 -> 
  custom:video-decoder-ogg-theora: a1e56fd34408186e4bbccfd4996cb3dc -> 
  custom:framework-win-MediaFoundation: 216162199b28c13a410421893ffa2e32 -> 
  custom:CustomObjectIndexerAttribute: 756ad292c208cfabdd7b50bc23989ffe -> 
  custom:scripting/monoscript/fileName/GetActionInput.cs: 8316ea1e17d8f1a9165ee33b7b5b057b -> 
  custom:container-demuxer-webm: 4f35f7cbe854078d1ac9338744f61a02 -> 
  custom:container-muxer-webm: aa71ff27fc2769a1b78a27578f13a17b -> 
  custom:video-decoder-webm-vp8: 9c59270c3fd7afecdb556c50c9e8de78 -> 
  custom:AudioImporter_EditorPlatform: d09bf68614088b80899f8185d706f6e7 -> 
  custom:video-encoder-webm-vp8: eb34c28f22e8b96e1ab97ce403110664 -> 
  custom:audio-decoder-ogg-vorbis: bf7c407c2cedff20999df2af8eb42d56 -> 
  custom:audio-encoder-webm-vorbis: bf7c407c2cedff20999df2af8eb42d56 -> 
========================================================================
Received Prepare
Begin MonoManager ReloadAssembly
Symbol file LoadedFromMemory doesn't match image C:\ijunior\GitHub\FlappyTerminator-homework\FlappyTerminator-homework\Library\PackageCache\com.unity.visualscripting@1.8.0\Editor\VisualScripting.Core\Dependencies\YamlDotNet\Unity.VisualScripting.YamlDotNet.dll
Symbol file LoadedFromMemory doesn't match image C:\ijunior\GitHub\FlappyTerminator-homework\FlappyTerminator-homework\Library\PackageCache\com.unity.visualscripting@1.8.0\Editor\VisualScripting.Core\Dependencies\DotNetZip\Unity.VisualScripting.IonicZip.dll
- Loaded All Assemblies, in  0.823 seconds
Refreshing native plugins compatible for Editor in 6.56 ms, found 4 plugins.
Native extension for WindowsStandalone target not found
Native extension for iOS target not found
Native extension for Android target not found
Native extension for WebGL target not found
Mono: successfully reloaded assembly
- Finished resetting the current domain, in  1.106 seconds
Domain Reload Profiling: 1922ms
	BeginReloadAssembly (170ms)
		ExecutionOrderSort (0ms)
		DisableScriptedObjects (13ms)
		BackupInstance (0ms)
		ReleaseScriptingObjects (0ms)
		CreateAndSetChildDomain (46ms)
	RebuildCommonClasses (43ms)
	RebuildNativeTypeToScriptingClass (12ms)
	initialDomainReloadingComplete (36ms)
	LoadAllAssembliesAndSetupDomain (554ms)
		LoadAssemblies (351ms)
		RebuildTransferFunctionScriptingTraits (0ms)
		AnalyzeDomain (267ms)
			TypeCache.Refresh (261ms)
				TypeCache.ScanAssembly (249ms)
			ScanForSourceGeneratedMonoScriptInfo (0ms)
			ResolveRequiredComponents (6ms)
	FinalizeReload (1106ms)
		ReleaseScriptCaches (0ms)
		RebuildScriptCaches (0ms)
		SetupLoadedEditorAssemblies (424ms)
			LogAssemblyErrors (0ms)
			InitializePlatformSupportModulesInManaged (44ms)
			SetLoadedEditorAssemblies (5ms)
			RefreshPlugins (0ms)
			BeforeProcessingInitializeOnLoad (111ms)
			ProcessInitializeOnLoadAttributes (223ms)
			ProcessInitializeOnLoadMethodAttributes (30ms)
			AfterProcessingInitializeOnLoad (10ms)
			EditorAssembliesLoaded (0ms)
		ExecutionOrderSort2 (0ms)
		AwakeInstancesAfterBackupRestoration (13ms)
Refreshing native plugins compatible for Editor in 10.27 ms, found 4 plugins.
Preloading 0 native plugins for Editor in 0.00 ms.
Unloading 4018 Unused Serialized files (Serialized files now loaded: 0)
Unloading 41 unused Assets / (217.5 KB). Loaded Objects now: 4563.
Memory consumption went from 142.9 MB to 142.7 MB.
Total: 4.463100 ms (FindLiveObjects: 0.647200 ms CreateObjectMapping: 0.100400 ms MarkObjects: 3.409000 ms  DeleteObjects: 0.305200 ms)

Prepare: number of updated asset objects reloaded= 0
AssetImportParameters requested are different than current active one (requested -> active):
  custom:container-demuxer-ogg: 62fdf1f143b41e24485cea50d1cbac27 -> 
  custom:video-decoder-ogg-theora: a1e56fd34408186e4bbccfd4996cb3dc -> 
  custom:framework-win-MediaFoundation: 216162199b28c13a410421893ffa2e32 -> 
  custom:CustomObjectIndexerAttribute: 756ad292c208cfabdd7b50bc23989ffe -> 
  custom:scripting/monoscript/fileName/GetActionInput.cs: 8316ea1e17d8f1a9165ee33b7b5b057b -> 
  custom:container-demuxer-webm: 4f35f7cbe854078d1ac9338744f61a02 -> 
  custom:container-muxer-webm: aa71ff27fc2769a1b78a27578f13a17b -> 
  custom:video-decoder-webm-vp8: 9c59270c3fd7afecdb556c50c9e8de78 -> 
  custom:AudioImporter_EditorPlatform: d09bf68614088b80899f8185d706f6e7 -> 
  custom:video-encoder-webm-vp8: eb34c28f22e8b96e1ab97ce403110664 -> 
  custom:audio-decoder-ogg-vorbis: bf7c407c2cedff20999df2af8eb42d56 -> 
  custom:audio-encoder-webm-vorbis: bf7c407c2cedff20999df2af8eb42d56 -> 
========================================================================
Received Prepare
Begin MonoManager ReloadAssembly
Symbol file LoadedFromMemory doesn't match image C:\ijunior\GitHub\FlappyTerminator-homework\FlappyTerminator-homework\Library\PackageCache\com.unity.visualscripting@1.8.0\Editor\VisualScripting.Core\Dependencies\YamlDotNet\Unity.VisualScripting.YamlDotNet.dll
Symbol file LoadedFromMemory doesn't match image C:\ijunior\GitHub\FlappyTerminator-homework\FlappyTerminator-homework\Library\PackageCache\com.unity.visualscripting@1.8.0\Editor\VisualScripting.Core\Dependencies\DotNetZip\Unity.VisualScripting.IonicZip.dll
- Loaded All Assemblies, in  0.939 seconds
Refreshing native plugins compatible for Editor in 7.21 ms, found 4 plugins.
Native extension for WindowsStandalone target not found
Native extension for iOS target not found
Native extension for Android target not found
Native extension for WebGL target not found
Mono: successfully reloaded assembly
- Finished resetting the current domain, in  1.153 seconds
Domain Reload Profiling: 2083ms
	BeginReloadAssembly (204ms)
		ExecutionOrderSort (0ms)
		DisableScriptedObjects (18ms)
		BackupInstance (0ms)
		ReleaseScriptingObjects (0ms)
		CreateAndSetChildDomain (49ms)
	RebuildCommonClasses (45ms)
	RebuildNativeTypeToScriptingClass (14ms)
	initialDomainReloadingComplete (50ms)
	LoadAllAssembliesAndSetupDomain (616ms)
		LoadAssemblies (405ms)
		RebuildTransferFunctionScriptingTraits (0ms)
		AnalyzeDomain (295ms)
			TypeCache.Refresh (288ms)
				TypeCache.ScanAssembly (276ms)
			ScanForSourceGeneratedMonoScriptInfo (3ms)
			ResolveRequiredComponents (4ms)
	FinalizeReload (1153ms)
		ReleaseScriptCaches (0ms)
		RebuildScriptCaches (0ms)
		SetupLoadedEditorAssemblies (444ms)
			LogAssemblyErrors (0ms)
			InitializePlatformSupportModulesInManaged (47ms)
			SetLoadedEditorAssemblies (4ms)
			RefreshPlugins (0ms)
			BeforeProcessingInitializeOnLoad (107ms)
			ProcessInitializeOnLoadAttributes (244ms)
			ProcessInitializeOnLoadMethodAttributes (30ms)
			AfterProcessingInitializeOnLoad (11ms)
			EditorAssembliesLoaded (1ms)
		ExecutionOrderSort2 (0ms)
		AwakeInstancesAfterBackupRestoration (13ms)
Refreshing native plugins compatible for Editor in 10.55 ms, found 4 plugins.
Preloading 0 native plugins for Editor in 0.00 ms.
Unloading 4018 Unused Serialized files (Serialized files now loaded: 0)
Unloading 41 unused Assets / (217.5 KB). Loaded Objects now: 4567.
Memory consumption went from 142.9 MB to 142.7 MB.
Total: 3.705200 ms (FindLiveObjects: 0.525100 ms CreateObjectMapping: 0.128100 ms MarkObjects: 2.810200 ms  DeleteObjects: 0.240400 ms)

Prepare: number of updated asset objects reloaded= 0
AssetImportParameters requested are different than current active one (requested -> active):
  custom:container-demuxer-ogg: 62fdf1f143b41e24485cea50d1cbac27 -> 
  custom:video-decoder-ogg-theora: a1e56fd34408186e4bbccfd4996cb3dc -> 
  custom:framework-win-MediaFoundation: 216162199b28c13a410421893ffa2e32 -> 
  custom:CustomObjectIndexerAttribute: 756ad292c208cfabdd7b50bc23989ffe -> 
  custom:scripting/monoscript/fileName/GetActionInput.cs: 8316ea1e17d8f1a9165ee33b7b5b057b -> 
  custom:container-demuxer-webm: 4f35f7cbe854078d1ac9338744f61a02 -> 
  custom:container-muxer-webm: aa71ff27fc2769a1b78a27578f13a17b -> 
  custom:video-decoder-webm-vp8: 9c59270c3fd7afecdb556c50c9e8de78 -> 
  custom:AudioImporter_EditorPlatform: d09bf68614088b80899f8185d706f6e7 -> 
  custom:video-encoder-webm-vp8: eb34c28f22e8b96e1ab97ce403110664 -> 
  custom:audio-decoder-ogg-vorbis: bf7c407c2cedff20999df2af8eb42d56 -> 
  custom:audio-encoder-webm-vorbis: bf7c407c2cedff20999df2af8eb42d56 -> 
========================================================================
Received Prepare
Begin MonoManager ReloadAssembly
Symbol file LoadedFromMemory doesn't match image C:\ijunior\GitHub\FlappyTerminator-homework\FlappyTerminator-homework\Library\PackageCache\com.unity.visualscripting@1.8.0\Editor\VisualScripting.Core\Dependencies\YamlDotNet\Unity.VisualScripting.YamlDotNet.dll
Symbol file LoadedFromMemory doesn't match image C:\ijunior\GitHub\FlappyTerminator-homework\FlappyTerminator-homework\Library\PackageCache\com.unity.visualscripting@1.8.0\Editor\VisualScripting.Core\Dependencies\DotNetZip\Unity.VisualScripting.IonicZip.dll
- Loaded All Assemblies, in  0.884 seconds
Refreshing native plugins compatible for Editor in 7.04 ms, found 4 plugins.
Native extension for WindowsStandalone target not found
Native extension for iOS target not found
Native extension for Android target not found
Native extension for WebGL target not found
Mono: successfully reloaded assembly
- Finished resetting the current domain, in  1.047 seconds
Domain Reload Profiling: 1926ms
	BeginReloadAssembly (235ms)
		ExecutionOrderSort (0ms)
		DisableScriptedObjects (25ms)
		BackupInstance (0ms)
		ReleaseScriptingObjects (0ms)
		CreateAndSetChildDomain (64ms)
	RebuildCommonClasses (42ms)
	RebuildNativeTypeToScriptingClass (12ms)
	initialDomainReloadingComplete (40ms)
	LoadAllAssembliesAndSetupDomain (549ms)
		LoadAssemblies (360ms)
		RebuildTransferFunctionScriptingTraits (0ms)
		AnalyzeDomain (279ms)
			TypeCache.Refresh (272ms)
				TypeCache.ScanAssembly (260ms)
			ScanForSourceGeneratedMonoScriptInfo (3ms)
			ResolveRequiredComponents (4ms)
	FinalizeReload (1048ms)
		ReleaseScriptCaches (0ms)
		RebuildScriptCaches (0ms)
		SetupLoadedEditorAssemblies (371ms)
			LogAssemblyErrors (0ms)
			InitializePlatformSupportModulesInManaged (39ms)
			SetLoadedEditorAssemblies (3ms)
			RefreshPlugins (0ms)
			BeforeProcessingInitializeOnLoad (80ms)
			ProcessInitializeOnLoadAttributes (207ms)
			ProcessInitializeOnLoadMethodAttributes (30ms)
			AfterProcessingInitializeOnLoad (12ms)
			EditorAssembliesLoaded (0ms)
		ExecutionOrderSort2 (0ms)
		AwakeInstancesAfterBackupRestoration (15ms)
Refreshing native plugins compatible for Editor in 10.02 ms, found 4 plugins.
Preloading 0 native plugins for Editor in 0.00 ms.
Unloading 4018 Unused Serialized files (Serialized files now loaded: 0)
Unloading 41 unused Assets / (217.3 KB). Loaded Objects now: 4571.
Memory consumption went from 143.0 MB to 142.7 MB.
Total: 3.954000 ms (FindLiveObjects: 0.494400 ms CreateObjectMapping: 0.112900 ms MarkObjects: 3.072500 ms  DeleteObjects: 0.272500 ms)

Prepare: number of updated asset objects reloaded= 0
AssetImportParameters requested are different than current active one (requested -> active):
  custom:container-demuxer-ogg: 62fdf1f143b41e24485cea50d1cbac27 -> 
  custom:video-decoder-ogg-theora: a1e56fd34408186e4bbccfd4996cb3dc -> 
  custom:framework-win-MediaFoundation: 216162199b28c13a410421893ffa2e32 -> 
  custom:CustomObjectIndexerAttribute: 756ad292c208cfabdd7b50bc23989ffe -> 
  custom:scripting/monoscript/fileName/GetActionInput.cs: 8316ea1e17d8f1a9165ee33b7b5b057b -> 
  custom:container-demuxer-webm: 4f35f7cbe854078d1ac9338744f61a02 -> 
  custom:container-muxer-webm: aa71ff27fc2769a1b78a27578f13a17b -> 
  custom:video-decoder-webm-vp8: 9c59270c3fd7afecdb556c50c9e8de78 -> 
  custom:AudioImporter_EditorPlatform: d09bf68614088b80899f8185d706f6e7 -> 
  custom:video-encoder-webm-vp8: eb34c28f22e8b96e1ab97ce403110664 -> 
  custom:audio-decoder-ogg-vorbis: bf7c407c2cedff20999df2af8eb42d56 -> 
  custom:audio-encoder-webm-vorbis: bf7c407c2cedff20999df2af8eb42d56 -> 
========================================================================
Received Prepare
Begin MonoManager ReloadAssembly
Symbol file LoadedFromMemory doesn't match image C:\ijunior\GitHub\FlappyTerminator-homework\FlappyTerminator-homework\Library\PackageCache\com.unity.visualscripting@1.8.0\Editor\VisualScripting.Core\Dependencies\YamlDotNet\Unity.VisualScripting.YamlDotNet.dll
Symbol file LoadedFromMemory doesn't match image C:\ijunior\GitHub\FlappyTerminator-homework\FlappyTerminator-homework\Library\PackageCache\com.unity.visualscripting@1.8.0\Editor\VisualScripting.Core\Dependencies\DotNetZip\Unity.VisualScripting.IonicZip.dll
- Loaded All Assemblies, in  0.820 seconds
Refreshing native plugins compatible for Editor in 5.98 ms, found 4 plugins.
Native extension for WindowsStandalone target not found
Native extension for iOS target not found
Native extension for Android target not found
Native extension for WebGL target not found
Mono: successfully reloaded assembly
- Finished resetting the current domain, in  1.149 seconds
Domain Reload Profiling: 1962ms
	BeginReloadAssembly (171ms)
		ExecutionOrderSort (0ms)
		DisableScriptedObjects (16ms)
		BackupInstance (0ms)
		ReleaseScriptingObjects (0ms)
		CreateAndSetChildDomain (42ms)
	RebuildCommonClasses (34ms)
	RebuildNativeTypeToScriptingClass (11ms)
	initialDomainReloadingComplete (40ms)
	LoadAllAssembliesAndSetupDomain (556ms)
		LoadAssemblies (346ms)
		RebuildTransferFunctionScriptingTraits (0ms)
		AnalyzeDomain (277ms)
			TypeCache.Refresh (272ms)
				TypeCache.ScanAssembly (260ms)
			ScanForSourceGeneratedMonoScriptInfo (0ms)
			ResolveRequiredComponents (5ms)
	FinalizeReload (1150ms)
		ReleaseScriptCaches (0ms)
		RebuildScriptCaches (0ms)
		SetupLoadedEditorAssemblies (467ms)
			LogAssemblyErrors (0ms)
			InitializePlatformSupportModulesInManaged (46ms)
			SetLoadedEditorAssemblies (5ms)
			RefreshPlugins (0ms)
			BeforeProcessingInitializeOnLoad (83ms)
			ProcessInitializeOnLoadAttributes (286ms)
			ProcessInitializeOnLoadMethodAttributes (35ms)
			AfterProcessingInitializeOnLoad (12ms)
			EditorAssembliesLoaded (0ms)
		ExecutionOrderSort2 (0ms)
		AwakeInstancesAfterBackupRestoration (19ms)
Refreshing native plugins compatible for Editor in 10.81 ms, found 4 plugins.
Preloading 0 native plugins for Editor in 0.00 ms.
Unloading 4018 Unused Serialized files (Serialized files now loaded: 0)
Unloading 41 unused Assets / (217.5 KB). Loaded Objects now: 4575.
Memory consumption went from 143.0 MB to 142.7 MB.
Total: 5.807300 ms (FindLiveObjects: 0.623300 ms CreateObjectMapping: 0.137500 ms MarkObjects: 4.647000 ms  DeleteObjects: 0.398000 ms)

Prepare: number of updated asset objects reloaded= 0
AssetImportParameters requested are different than current active one (requested -> active):
  custom:container-demuxer-ogg: 62fdf1f143b41e24485cea50d1cbac27 -> 
  custom:video-decoder-ogg-theora: a1e56fd34408186e4bbccfd4996cb3dc -> 
  custom:framework-win-MediaFoundation: 216162199b28c13a410421893ffa2e32 -> 
  custom:CustomObjectIndexerAttribute: 756ad292c208cfabdd7b50bc23989ffe -> 
  custom:scripting/monoscript/fileName/GetActionInput.cs: 8316ea1e17d8f1a9165ee33b7b5b057b -> 
  custom:container-demuxer-webm: 4f35f7cbe854078d1ac9338744f61a02 -> 
  custom:container-muxer-webm: aa71ff27fc2769a1b78a27578f13a17b -> 
  custom:video-decoder-webm-vp8: 9c59270c3fd7afecdb556c50c9e8de78 -> 
  custom:AudioImporter_EditorPlatform: d09bf68614088b80899f8185d706f6e7 -> 
  custom:video-encoder-webm-vp8: eb34c28f22e8b96e1ab97ce403110664 -> 
  custom:audio-decoder-ogg-vorbis: bf7c407c2cedff20999df2af8eb42d56 -> 
  custom:audio-encoder-webm-vorbis: bf7c407c2cedff20999df2af8eb42d56 -> 
========================================================================
Received Prepare
Begin MonoManager ReloadAssembly
Symbol file LoadedFromMemory doesn't match image C:\ijunior\GitHub\FlappyTerminator-homework\FlappyTerminator-homework\Library\PackageCache\com.unity.visualscripting@1.8.0\Editor\VisualScripting.Core\Dependencies\YamlDotNet\Unity.VisualScripting.YamlDotNet.dll
Symbol file LoadedFromMemory doesn't match image C:\ijunior\GitHub\FlappyTerminator-homework\FlappyTerminator-homework\Library\PackageCache\com.unity.visualscripting@1.8.0\Editor\VisualScripting.Core\Dependencies\DotNetZip\Unity.VisualScripting.IonicZip.dll
- Loaded All Assemblies, in  0.922 seconds
Refreshing native plugins compatible for Editor in 6.20 ms, found 4 plugins.
Native extension for WindowsStandalone target not found
Native extension for iOS target not found
Native extension for Android target not found
Native extension for WebGL target not found
Mono: successfully reloaded assembly
- Finished resetting the current domain, in  1.100 seconds
Domain Reload Profiling: 2014ms
	BeginReloadAssembly (224ms)
		ExecutionOrderSort (0ms)
		DisableScriptedObjects (16ms)
		BackupInstance (0ms)
		ReleaseScriptingObjects (0ms)
		CreateAndSetChildDomain (55ms)
	RebuildCommonClasses (47ms)
	RebuildNativeTypeToScriptingClass (15ms)
	initialDomainReloadingComplete (51ms)
	LoadAllAssembliesAndSetupDomain (576ms)
		LoadAssemblies (382ms)
		RebuildTransferFunctionScriptingTraits (0ms)
		AnalyzeDomain (295ms)
			TypeCache.Refresh (286ms)
				TypeCache.ScanAssembly (273ms)
			ScanForSourceGeneratedMonoScriptInfo (4ms)
			ResolveRequiredComponents (5ms)
	FinalizeReload (1101ms)
		ReleaseScriptCaches (0ms)
		RebuildScriptCaches (0ms)
		SetupLoadedEditorAssemblies (385ms)
			LogAssemblyErrors (0ms)
			InitializePlatformSupportModulesInManaged (41ms)
			SetLoadedEditorAssemblies (3ms)
			RefreshPlugins (0ms)
			BeforeProcessingInitializeOnLoad (74ms)
			ProcessInitializeOnLoadAttributes (223ms)
			ProcessInitializeOnLoadMethodAttributes (32ms)
			AfterProcessingInitializeOnLoad (11ms)
			EditorAssembliesLoaded (0ms)
		ExecutionOrderSort2 (0ms)
		AwakeInstancesAfterBackupRestoration (13ms)
Refreshing native plugins compatible for Editor in 9.07 ms, found 4 plugins.
Preloading 0 native plugins for Editor in 0.00 ms.
Unloading 4018 Unused Serialized files (Serialized files now loaded: 0)
Unloading 41 unused Assets / (218.3 KB). Loaded Objects now: 4579.
Memory consumption went from 143.0 MB to 142.7 MB.
Total: 3.457600 ms (FindLiveObjects: 0.430000 ms CreateObjectMapping: 0.093300 ms MarkObjects: 2.678600 ms  DeleteObjects: 0.254300 ms)

Prepare: number of updated asset objects reloaded= 0
AssetImportParameters requested are different than current active one (requested -> active):
  custom:container-demuxer-ogg: 62fdf1f143b41e24485cea50d1cbac27 -> 
  custom:video-decoder-ogg-theora: a1e56fd34408186e4bbccfd4996cb3dc -> 
  custom:framework-win-MediaFoundation: 216162199b28c13a410421893ffa2e32 -> 
  custom:CustomObjectIndexerAttribute: 756ad292c208cfabdd7b50bc23989ffe -> 
  custom:scripting/monoscript/fileName/GetActionInput.cs: 8316ea1e17d8f1a9165ee33b7b5b057b -> 
  custom:container-demuxer-webm: 4f35f7cbe854078d1ac9338744f61a02 -> 
  custom:container-muxer-webm: aa71ff27fc2769a1b78a27578f13a17b -> 
  custom:video-decoder-webm-vp8: 9c59270c3fd7afecdb556c50c9e8de78 -> 
  custom:AudioImporter_EditorPlatform: d09bf68614088b80899f8185d706f6e7 -> 
  custom:video-encoder-webm-vp8: eb34c28f22e8b96e1ab97ce403110664 -> 
  custom:audio-decoder-ogg-vorbis: bf7c407c2cedff20999df2af8eb42d56 -> 
  custom:audio-encoder-webm-vorbis: bf7c407c2cedff20999df2af8eb42d56 -> 
========================================================================
Received Prepare
Begin MonoManager ReloadAssembly
Symbol file LoadedFromMemory doesn't match image C:\ijunior\GitHub\FlappyTerminator-homework\FlappyTerminator-homework\Library\PackageCache\com.unity.visualscripting@1.8.0\Editor\VisualScripting.Core\Dependencies\YamlDotNet\Unity.VisualScripting.YamlDotNet.dll
Symbol file LoadedFromMemory doesn't match image C:\ijunior\GitHub\FlappyTerminator-homework\FlappyTerminator-homework\Library\PackageCache\com.unity.visualscripting@1.8.0\Editor\VisualScripting.Core\Dependencies\DotNetZip\Unity.VisualScripting.IonicZip.dll
- Loaded All Assemblies, in  0.902 seconds
Refreshing native plugins compatible for Editor in 6.75 ms, found 4 plugins.
Native extension for WindowsStandalone target not found
Native extension for iOS target not found
Native extension for Android target not found
Native extension for WebGL target not found
Mono: successfully reloaded assembly
- Finished resetting the current domain, in  1.074 seconds
Domain Reload Profiling: 1967ms
	BeginReloadAssembly (208ms)
		ExecutionOrderSort (0ms)
		DisableScriptedObjects (15ms)
		BackupInstance (0ms)
		ReleaseScriptingObjects (0ms)
		CreateAndSetChildDomain (50ms)
	RebuildCommonClasses (50ms)
	RebuildNativeTypeToScriptingClass (17ms)
	initialDomainReloadingComplete (51ms)
	LoadAllAssembliesAndSetupDomain (566ms)
		LoadAssemblies (376ms)
		RebuildTransferFunctionScriptingTraits (0ms)
		AnalyzeDomain (283ms)
			TypeCache.Refresh (273ms)
				TypeCache.ScanAssembly (261ms)
			ScanForSourceGeneratedMonoScriptInfo (4ms)
			ResolveRequiredComponents (5ms)
	FinalizeReload (1075ms)
		ReleaseScriptCaches (0ms)
		RebuildScriptCaches (0ms)
		SetupLoadedEditorAssemblies (402ms)
			LogAssemblyErrors (0ms)
			InitializePlatformSupportModulesInManaged (55ms)
			SetLoadedEditorAssemblies (5ms)
			RefreshPlugins (0ms)
			BeforeProcessingInitializeOnLoad (83ms)
			ProcessInitializeOnLoadAttributes (214ms)
			ProcessInitializeOnLoadMethodAttributes (32ms)
			AfterProcessingInitializeOnLoad (12ms)
			EditorAssembliesLoaded (0ms)
		ExecutionOrderSort2 (0ms)
		AwakeInstancesAfterBackupRestoration (14ms)
Refreshing native plugins compatible for Editor in 9.70 ms, found 4 plugins.
Preloading 0 native plugins for Editor in 0.00 ms.
Unloading 4018 Unused Serialized files (Serialized files now loaded: 0)
Unloading 41 unused Assets / (217.3 KB). Loaded Objects now: 4583.
Memory consumption went from 143.0 MB to 142.8 MB.
Total: 5.193100 ms (FindLiveObjects: 0.614800 ms CreateObjectMapping: 0.392200 ms MarkObjects: 3.926600 ms  DeleteObjects: 0.258300 ms)

Prepare: number of updated asset objects reloaded= 0
AssetImportParameters requested are different than current active one (requested -> active):
  custom:container-demuxer-ogg: 62fdf1f143b41e24485cea50d1cbac27 -> 
  custom:video-decoder-ogg-theora: a1e56fd34408186e4bbccfd4996cb3dc -> 
  custom:framework-win-MediaFoundation: 216162199b28c13a410421893ffa2e32 -> 
  custom:CustomObjectIndexerAttribute: 756ad292c208cfabdd7b50bc23989ffe -> 
  custom:scripting/monoscript/fileName/GetActionInput.cs: 8316ea1e17d8f1a9165ee33b7b5b057b -> 
  custom:container-demuxer-webm: 4f35f7cbe854078d1ac9338744f61a02 -> 
  custom:container-muxer-webm: aa71ff27fc2769a1b78a27578f13a17b -> 
  custom:video-decoder-webm-vp8: 9c59270c3fd7afecdb556c50c9e8de78 -> 
  custom:AudioImporter_EditorPlatform: d09bf68614088b80899f8185d706f6e7 -> 
  custom:video-encoder-webm-vp8: eb34c28f22e8b96e1ab97ce403110664 -> 
  custom:audio-decoder-ogg-vorbis: bf7c407c2cedff20999df2af8eb42d56 -> 
  custom:audio-encoder-webm-vorbis: bf7c407c2cedff20999df2af8eb42d56 -> 
========================================================================
Received Prepare
Begin MonoManager ReloadAssembly
Symbol file LoadedFromMemory doesn't match image C:\ijunior\GitHub\FlappyTerminator-homework\FlappyTerminator-homework\Library\PackageCache\com.unity.visualscripting@1.8.0\Editor\VisualScripting.Core\Dependencies\YamlDotNet\Unity.VisualScripting.YamlDotNet.dll
Symbol file LoadedFromMemory doesn't match image C:\ijunior\GitHub\FlappyTerminator-homework\FlappyTerminator-homework\Library\PackageCache\com.unity.visualscripting@1.8.0\Editor\VisualScripting.Core\Dependencies\DotNetZip\Unity.VisualScripting.IonicZip.dll
- Loaded All Assemblies, in  0.913 seconds
Refreshing native plugins compatible for Editor in 7.13 ms, found 4 plugins.
Native extension for WindowsStandalone target not found
Native extension for iOS target not found
Native extension for Android target not found
Native extension for WebGL target not found
Mono: successfully reloaded assembly
- Finished resetting the current domain, in  1.343 seconds
Domain Reload Profiling: 2245ms
	BeginReloadAssembly (194ms)
		ExecutionOrderSort (0ms)
		DisableScriptedObjects (15ms)
		BackupInstance (0ms)
		ReleaseScriptingObjects (0ms)
		CreateAndSetChildDomain (50ms)
	RebuildCommonClasses (46ms)
	RebuildNativeTypeToScriptingClass (15ms)
	initialDomainReloadingComplete (45ms)
	LoadAllAssembliesAndSetupDomain (602ms)
		LoadAssemblies (371ms)
		RebuildTransferFunctionScriptingTraits (0ms)
		AnalyzeDomain (310ms)
			TypeCache.Refresh (301ms)
				TypeCache.ScanAssembly (287ms)
			ScanForSourceGeneratedMonoScriptInfo (4ms)
			ResolveRequiredComponents (5ms)
	FinalizeReload (1343ms)
		ReleaseScriptCaches (0ms)
		RebuildScriptCaches (0ms)
		SetupLoadedEditorAssemblies (444ms)
			LogAssemblyErrors (0ms)
			InitializePlatformSupportModulesInManaged (43ms)
			SetLoadedEditorAssemblies (4ms)
			RefreshPlugins (0ms)
			BeforeProcessingInitializeOnLoad (90ms)
			ProcessInitializeOnLoadAttributes (251ms)
			ProcessInitializeOnLoadMethodAttributes (41ms)
			AfterProcessingInitializeOnLoad (14ms)
			EditorAssembliesLoaded (0ms)
		ExecutionOrderSort2 (0ms)
		AwakeInstancesAfterBackupRestoration (19ms)
Script is not up to date after domain reload: guid(57e1246a9184012449cfd60904a4ff9a) path("Assets/Scripts/Bullet/Bullet.cs") state(2)
Refreshing native plugins compatible for Editor in 10.60 ms, found 4 plugins.
Preloading 0 native plugins for Editor in 0.00 ms.
Unloading 4017 Unused Serialized files (Serialized files now loaded: 0)
Unloading 41 unused Assets / (217.6 KB). Loaded Objects now: 4586.
Memory consumption went from 143.0 MB to 142.7 MB.
Total: 3.888600 ms (FindLiveObjects: 0.431000 ms CreateObjectMapping: 0.096900 ms MarkObjects: 3.125100 ms  DeleteObjects: 0.234500 ms)

Prepare: number of updated asset objects reloaded= 0
AssetImportParameters requested are different than current active one (requested -> active):
  custom:container-demuxer-ogg: 62fdf1f143b41e24485cea50d1cbac27 -> 
  custom:video-decoder-ogg-theora: a1e56fd34408186e4bbccfd4996cb3dc -> 
  custom:framework-win-MediaFoundation: 216162199b28c13a410421893ffa2e32 -> 
  custom:CustomObjectIndexerAttribute: 756ad292c208cfabdd7b50bc23989ffe -> 
  custom:scripting/monoscript/fileName/GetActionInput.cs: 8316ea1e17d8f1a9165ee33b7b5b057b -> 
  custom:container-demuxer-webm: 4f35f7cbe854078d1ac9338744f61a02 -> 
  custom:container-muxer-webm: aa71ff27fc2769a1b78a27578f13a17b -> 
  custom:video-decoder-webm-vp8: 9c59270c3fd7afecdb556c50c9e8de78 -> 
  custom:AudioImporter_EditorPlatform: d09bf68614088b80899f8185d706f6e7 -> 
  custom:video-encoder-webm-vp8: eb34c28f22e8b96e1ab97ce403110664 -> 
  custom:audio-decoder-ogg-vorbis: bf7c407c2cedff20999df2af8eb42d56 -> 
  custom:audio-encoder-webm-vorbis: bf7c407c2cedff20999df2af8eb42d56 -> 
========================================================================
Received Prepare
Begin MonoManager ReloadAssembly
Symbol file LoadedFromMemory doesn't match image C:\ijunior\GitHub\FlappyTerminator-homework\FlappyTerminator-homework\Library\PackageCache\com.unity.visualscripting@1.8.0\Editor\VisualScripting.Core\Dependencies\YamlDotNet\Unity.VisualScripting.YamlDotNet.dll
Symbol file LoadedFromMemory doesn't match image C:\ijunior\GitHub\FlappyTerminator-homework\FlappyTerminator-homework\Library\PackageCache\com.unity.visualscripting@1.8.0\Editor\VisualScripting.Core\Dependencies\DotNetZip\Unity.VisualScripting.IonicZip.dll
- Loaded All Assemblies, in  0.846 seconds
Refreshing native plugins compatible for Editor in 6.76 ms, found 4 plugins.
Native extension for WindowsStandalone target not found
Native extension for iOS target not found
Native extension for Android target not found
Native extension for WebGL target not found
Mono: successfully reloaded assembly
- Finished resetting the current domain, in  1.073 seconds
Domain Reload Profiling: 1912ms
	BeginReloadAssembly (176ms)
		ExecutionOrderSort (0ms)
		DisableScriptedObjects (16ms)
		BackupInstance (0ms)
		ReleaseScriptingObjects (0ms)
		CreateAndSetChildDomain (44ms)
	RebuildCommonClasses (40ms)
	RebuildNativeTypeToScriptingClass (13ms)
	initialDomainReloadingComplete (43ms)
	LoadAllAssembliesAndSetupDomain (566ms)
		LoadAssemblies (356ms)
		RebuildTransferFunctionScriptingTraits (0ms)
		AnalyzeDomain (278ms)
			TypeCache.Refresh (269ms)
				TypeCache.ScanAssembly (255ms)
			ScanForSourceGeneratedMonoScriptInfo (4ms)
			ResolveRequiredComponents (5ms)
	FinalizeReload (1074ms)
		ReleaseScriptCaches (0ms)
		RebuildScriptCaches (0ms)
		SetupLoadedEditorAssemblies (403ms)
			LogAssemblyErrors (0ms)
			InitializePlatformSupportModulesInManaged (44ms)
			SetLoadedEditorAssemblies (4ms)
			RefreshPlugins (0ms)
			BeforeProcessingInitializeOnLoad (87ms)
			ProcessInitializeOnLoadAttributes (225ms)
			ProcessInitializeOnLoadMethodAttributes (32ms)
			AfterProcessingInitializeOnLoad (11ms)
			EditorAssembliesLoaded (0ms)
		ExecutionOrderSort2 (0ms)
		AwakeInstancesAfterBackupRestoration (16ms)
Refreshing native plugins compatible for Editor in 8.68 ms, found 4 plugins.
Preloading 0 native plugins for Editor in 0.00 ms.
Unloading 4018 Unused Serialized files (Serialized files now loaded: 0)
Unloading 41 unused Assets / (217.5 KB). Loaded Objects now: 4591.
Memory consumption went from 143.0 MB to 142.8 MB.
Total: 3.367300 ms (FindLiveObjects: 0.423000 ms CreateObjectMapping: 0.095800 ms MarkObjects: 2.627000 ms  DeleteObjects: 0.220700 ms)

Prepare: number of updated asset objects reloaded= 0
AssetImportParameters requested are different than current active one (requested -> active):
  custom:container-demuxer-ogg: 62fdf1f143b41e24485cea50d1cbac27 -> 
  custom:video-decoder-ogg-theora: a1e56fd34408186e4bbccfd4996cb3dc -> 
  custom:framework-win-MediaFoundation: 216162199b28c13a410421893ffa2e32 -> 
  custom:CustomObjectIndexerAttribute: 756ad292c208cfabdd7b50bc23989ffe -> 
  custom:scripting/monoscript/fileName/GetActionInput.cs: 8316ea1e17d8f1a9165ee33b7b5b057b -> 
  custom:container-demuxer-webm: 4f35f7cbe854078d1ac9338744f61a02 -> 
  custom:container-muxer-webm: aa71ff27fc2769a1b78a27578f13a17b -> 
  custom:video-decoder-webm-vp8: 9c59270c3fd7afecdb556c50c9e8de78 -> 
  custom:AudioImporter_EditorPlatform: d09bf68614088b80899f8185d706f6e7 -> 
  custom:video-encoder-webm-vp8: eb34c28f22e8b96e1ab97ce403110664 -> 
  custom:audio-decoder-ogg-vorbis: bf7c407c2cedff20999df2af8eb42d56 -> 
  custom:audio-encoder-webm-vorbis: bf7c407c2cedff20999df2af8eb42d56 -> 
========================================================================
Received Prepare
Begin MonoManager ReloadAssembly
Symbol file LoadedFromMemory doesn't match image C:\ijunior\GitHub\FlappyTerminator-homework\FlappyTerminator-homework\Library\PackageCache\com.unity.visualscripting@1.8.0\Editor\VisualScripting.Core\Dependencies\YamlDotNet\Unity.VisualScripting.YamlDotNet.dll
Symbol file LoadedFromMemory doesn't match image C:\ijunior\GitHub\FlappyTerminator-homework\FlappyTerminator-homework\Library\PackageCache\com.unity.visualscripting@1.8.0\Editor\VisualScripting.Core\Dependencies\DotNetZip\Unity.VisualScripting.IonicZip.dll
- Loaded All Assemblies, in  0.844 seconds
Refreshing native plugins compatible for Editor in 6.93 ms, found 4 plugins.
Native extension for WindowsStandalone target not found
Native extension for iOS target not found
Native extension for Android target not found
Native extension for WebGL target not found
Mono: successfully reloaded assembly
- Finished resetting the current domain, in  1.155 seconds
Domain Reload Profiling: 1993ms
	BeginReloadAssembly (180ms)
		ExecutionOrderSort (0ms)
		DisableScriptedObjects (12ms)
		BackupInstance (0ms)
		ReleaseScriptingObjects (0ms)
		CreateAndSetChildDomain (44ms)
	RebuildCommonClasses (40ms)
	RebuildNativeTypeToScriptingClass (11ms)
	initialDomainReloadingComplete (39ms)
	LoadAllAssembliesAndSetupDomain (567ms)
		LoadAssemblies (351ms)
		RebuildTransferFunctionScriptingTraits (0ms)
		AnalyzeDomain (288ms)
			TypeCache.Refresh (282ms)
				TypeCache.ScanAssembly (267ms)
			ScanForSourceGeneratedMonoScriptInfo (0ms)
			ResolveRequiredComponents (6ms)
	FinalizeReload (1156ms)
		ReleaseScriptCaches (0ms)
		RebuildScriptCaches (0ms)
		SetupLoadedEditorAssemblies (472ms)
			LogAssemblyErrors (0ms)
			InitializePlatformSupportModulesInManaged (46ms)
			SetLoadedEditorAssemblies (5ms)
			RefreshPlugins (0ms)
			BeforeProcessingInitializeOnLoad (104ms)
			ProcessInitializeOnLoadAttributes (266ms)
			ProcessInitializeOnLoadMethodAttributes (38ms)
			AfterProcessingInitializeOnLoad (14ms)
			EditorAssembliesLoaded (0ms)
		ExecutionOrderSort2 (0ms)
		AwakeInstancesAfterBackupRestoration (17ms)
Refreshing native plugins compatible for Editor in 9.38 ms, found 4 plugins.
Preloading 0 native plugins for Editor in 0.00 ms.
Unloading 4018 Unused Serialized files (Serialized files now loaded: 0)
Unloading 41 unused Assets / (217.5 KB). Loaded Objects now: 4595.
Memory consumption went from 143.0 MB to 142.8 MB.
Total: 4.098300 ms (FindLiveObjects: 0.516400 ms CreateObjectMapping: 0.099900 ms MarkObjects: 3.213300 ms  DeleteObjects: 0.267500 ms)

Prepare: number of updated asset objects reloaded= 0
AssetImportParameters requested are different than current active one (requested -> active):
  custom:container-demuxer-ogg: 62fdf1f143b41e24485cea50d1cbac27 -> 
  custom:video-decoder-ogg-theora: a1e56fd34408186e4bbccfd4996cb3dc -> 
  custom:framework-win-MediaFoundation: 216162199b28c13a410421893ffa2e32 -> 
  custom:CustomObjectIndexerAttribute: 756ad292c208cfabdd7b50bc23989ffe -> 
  custom:scripting/monoscript/fileName/GetActionInput.cs: 8316ea1e17d8f1a9165ee33b7b5b057b -> 
  custom:container-demuxer-webm: 4f35f7cbe854078d1ac9338744f61a02 -> 
  custom:container-muxer-webm: aa71ff27fc2769a1b78a27578f13a17b -> 
  custom:video-decoder-webm-vp8: 9c59270c3fd7afecdb556c50c9e8de78 -> 
  custom:AudioImporter_EditorPlatform: d09bf68614088b80899f8185d706f6e7 -> 
  custom:video-encoder-webm-vp8: eb34c28f22e8b96e1ab97ce403110664 -> 
  custom:audio-decoder-ogg-vorbis: bf7c407c2cedff20999df2af8eb42d56 -> 
  custom:audio-encoder-webm-vorbis: bf7c407c2cedff20999df2af8eb42d56 -> 
========================================================================
Received Prepare
Begin MonoManager ReloadAssembly
Symbol file LoadedFromMemory doesn't match image C:\ijunior\GitHub\FlappyTerminator-homework\FlappyTerminator-homework\Library\PackageCache\com.unity.visualscripting@1.8.0\Editor\VisualScripting.Core\Dependencies\YamlDotNet\Unity.VisualScripting.YamlDotNet.dll
Symbol file LoadedFromMemory doesn't match image C:\ijunior\GitHub\FlappyTerminator-homework\FlappyTerminator-homework\Library\PackageCache\com.unity.visualscripting@1.8.0\Editor\VisualScripting.Core\Dependencies\DotNetZip\Unity.VisualScripting.IonicZip.dll
- Loaded All Assemblies, in  0.928 seconds
Refreshing native plugins compatible for Editor in 8.29 ms, found 4 plugins.
Native extension for WindowsStandalone target not found
Native extension for iOS target not found
Native extension for Android target not found
Native extension for WebGL target not found
Mono: successfully reloaded assembly
- Finished resetting the current domain, in  1.147 seconds
Domain Reload Profiling: 2046ms
	BeginReloadAssembly (174ms)
		ExecutionOrderSort (0ms)
		DisableScriptedObjects (13ms)
		BackupInstance (0ms)
		ReleaseScriptingObjects (0ms)
		CreateAndSetChildDomain (45ms)
	RebuildCommonClasses (38ms)
	RebuildNativeTypeToScriptingClass (14ms)
	initialDomainReloadingComplete (40ms)
	LoadAllAssembliesAndSetupDomain (633ms)
		LoadAssemblies (383ms)
		RebuildTransferFunctionScriptingTraits (0ms)
		AnalyzeDomain (317ms)
			TypeCache.Refresh (312ms)
				TypeCache.ScanAssembly (297ms)
			ScanForSourceGeneratedMonoScriptInfo (0ms)
			ResolveRequiredComponents (5ms)
	FinalizeReload (1147ms)
		ReleaseScriptCaches (0ms)
		RebuildScriptCaches (0ms)
		SetupLoadedEditorAssemblies (397ms)
			LogAssemblyErrors (0ms)
			InitializePlatformSupportModulesInManaged (42ms)
			SetLoadedEditorAssemblies (4ms)
			RefreshPlugins (0ms)
			BeforeProcessingInitializeOnLoad (89ms)
			ProcessInitializeOnLoadAttributes (220ms)
			ProcessInitializeOnLoadMethodAttributes (32ms)
			AfterProcessingInitializeOnLoad (10ms)
			EditorAssembliesLoaded (0ms)
		ExecutionOrderSort2 (0ms)
		AwakeInstancesAfterBackupRestoration (14ms)
Refreshing native plugins compatible for Editor in 10.77 ms, found 4 plugins.
Preloading 0 native plugins for Editor in 0.00 ms.
Unloading 4018 Unused Serialized files (Serialized files now loaded: 0)
Unloading 41 unused Assets / (217.5 KB). Loaded Objects now: 4599.
Memory consumption went from 143.0 MB to 142.8 MB.
Total: 3.639800 ms (FindLiveObjects: 0.446300 ms CreateObjectMapping: 0.113900 ms MarkObjects: 2.754200 ms  DeleteObjects: 0.324000 ms)

Prepare: number of updated asset objects reloaded= 0
AssetImportParameters requested are different than current active one (requested -> active):
  custom:container-demuxer-ogg: 62fdf1f143b41e24485cea50d1cbac27 -> 
  custom:video-decoder-ogg-theora: a1e56fd34408186e4bbccfd4996cb3dc -> 
  custom:framework-win-MediaFoundation: 216162199b28c13a410421893ffa2e32 -> 
  custom:CustomObjectIndexerAttribute: 756ad292c208cfabdd7b50bc23989ffe -> 
  custom:scripting/monoscript/fileName/GetActionInput.cs: 8316ea1e17d8f1a9165ee33b7b5b057b -> 
  custom:container-demuxer-webm: 4f35f7cbe854078d1ac9338744f61a02 -> 
  custom:container-muxer-webm: aa71ff27fc2769a1b78a27578f13a17b -> 
  custom:video-decoder-webm-vp8: 9c59270c3fd7afecdb556c50c9e8de78 -> 
  custom:AudioImporter_EditorPlatform: d09bf68614088b80899f8185d706f6e7 -> 
  custom:video-encoder-webm-vp8: eb34c28f22e8b96e1ab97ce403110664 -> 
  custom:audio-decoder-ogg-vorbis: bf7c407c2cedff20999df2af8eb42d56 -> 
  custom:audio-encoder-webm-vorbis: bf7c407c2cedff20999df2af8eb42d56 -> 
========================================================================
Received Prepare
Begin MonoManager ReloadAssembly
Symbol file LoadedFromMemory doesn't match image C:\ijunior\GitHub\FlappyTerminator-homework\FlappyTerminator-homework\Library\PackageCache\com.unity.visualscripting@1.8.0\Editor\VisualScripting.Core\Dependencies\YamlDotNet\Unity.VisualScripting.YamlDotNet.dll
Symbol file LoadedFromMemory doesn't match image C:\ijunior\GitHub\FlappyTerminator-homework\FlappyTerminator-homework\Library\PackageCache\com.unity.visualscripting@1.8.0\Editor\VisualScripting.Core\Dependencies\DotNetZip\Unity.VisualScripting.IonicZip.dll
- Loaded All Assemblies, in  0.842 seconds
Refreshing native plugins compatible for Editor in 5.87 ms, found 4 plugins.
Native extension for WindowsStandalone target not found
Native extension for iOS target not found
Native extension for Android target not found
Native extension for WebGL target not found
Mono: successfully reloaded assembly
- Finished resetting the current domain, in  1.069 seconds
Domain Reload Profiling: 1904ms
	BeginReloadAssembly (175ms)
		ExecutionOrderSort (0ms)
		DisableScriptedObjects (13ms)
		BackupInstance (0ms)
		ReleaseScriptingObjects (0ms)
		CreateAndSetChildDomain (45ms)
	RebuildCommonClasses (36ms)
	RebuildNativeTypeToScriptingClass (13ms)
	initialDomainReloadingComplete (42ms)
	LoadAllAssembliesAndSetupDomain (569ms)
		LoadAssemblies (348ms)
		RebuildTransferFunctionScriptingTraits (0ms)
		AnalyzeDomain (292ms)
			TypeCache.Refresh (287ms)
				TypeCache.ScanAssembly (275ms)
			ScanForSourceGeneratedMonoScriptInfo (0ms)
			ResolveRequiredComponents (5ms)
	FinalizeReload (1070ms)
		ReleaseScriptCaches (0ms)
		RebuildScriptCaches (0ms)
		SetupLoadedEditorAssemblies (393ms)
			LogAssemblyErrors (0ms)
			InitializePlatformSupportModulesInManaged (43ms)
			SetLoadedEditorAssemblies (3ms)
			RefreshPlugins (0ms)
			BeforeProcessingInitializeOnLoad (89ms)
			ProcessInitializeOnLoadAttributes (217ms)
			ProcessInitializeOnLoadMethodAttributes (31ms)
			AfterProcessingInitializeOnLoad (10ms)
			EditorAssembliesLoaded (0ms)
		ExecutionOrderSort2 (0ms)
		AwakeInstancesAfterBackupRestoration (12ms)
Refreshing native plugins compatible for Editor in 14.17 ms, found 4 plugins.
Preloading 0 native plugins for Editor in 0.00 ms.
Unloading 4018 Unused Serialized files (Serialized files now loaded: 0)
Unloading 41 unused Assets / (218.6 KB). Loaded Objects now: 4603.
Memory consumption went from 143.0 MB to 142.8 MB.
Total: 5.613800 ms (FindLiveObjects: 0.633000 ms CreateObjectMapping: 0.425200 ms MarkObjects: 4.239800 ms  DeleteObjects: 0.314500 ms)

Prepare: number of updated asset objects reloaded= 0
AssetImportParameters requested are different than current active one (requested -> active):
  custom:container-demuxer-ogg: 62fdf1f143b41e24485cea50d1cbac27 -> 
  custom:video-decoder-ogg-theora: a1e56fd34408186e4bbccfd4996cb3dc -> 
  custom:framework-win-MediaFoundation: 216162199b28c13a410421893ffa2e32 -> 
  custom:CustomObjectIndexerAttribute: 756ad292c208cfabdd7b50bc23989ffe -> 
  custom:scripting/monoscript/fileName/GetActionInput.cs: 8316ea1e17d8f1a9165ee33b7b5b057b -> 
  custom:container-demuxer-webm: 4f35f7cbe854078d1ac9338744f61a02 -> 
  custom:container-muxer-webm: aa71ff27fc2769a1b78a27578f13a17b -> 
  custom:video-decoder-webm-vp8: 9c59270c3fd7afecdb556c50c9e8de78 -> 
  custom:AudioImporter_EditorPlatform: d09bf68614088b80899f8185d706f6e7 -> 
  custom:video-encoder-webm-vp8: eb34c28f22e8b96e1ab97ce403110664 -> 
  custom:audio-decoder-ogg-vorbis: bf7c407c2cedff20999df2af8eb42d56 -> 
  custom:audio-encoder-webm-vorbis: bf7c407c2cedff20999df2af8eb42d56 -> 
========================================================================
Received Prepare
Begin MonoManager ReloadAssembly
Symbol file LoadedFromMemory doesn't match image C:\ijunior\GitHub\FlappyTerminator-homework\FlappyTerminator-homework\Library\PackageCache\com.unity.visualscripting@1.8.0\Editor\VisualScripting.Core\Dependencies\YamlDotNet\Unity.VisualScripting.YamlDotNet.dll
Symbol file LoadedFromMemory doesn't match image C:\ijunior\GitHub\FlappyTerminator-homework\FlappyTerminator-homework\Library\PackageCache\com.unity.visualscripting@1.8.0\Editor\VisualScripting.Core\Dependencies\DotNetZip\Unity.VisualScripting.IonicZip.dll
- Loaded All Assemblies, in  0.855 seconds
Refreshing native plugins compatible for Editor in 6.89 ms, found 4 plugins.
Native extension for WindowsStandalone target not found
Native extension for iOS target not found
Native extension for Android target not found
Native extension for WebGL target not found
Mono: successfully reloaded assembly
- Finished resetting the current domain, in  1.065 seconds
Domain Reload Profiling: 1913ms
	BeginReloadAssembly (183ms)
		ExecutionOrderSort (0ms)
		DisableScriptedObjects (15ms)
		BackupInstance (0ms)
		ReleaseScriptingObjects (0ms)
		CreateAndSetChildDomain (46ms)
	RebuildCommonClasses (41ms)
	RebuildNativeTypeToScriptingClass (11ms)
	initialDomainReloadingComplete (40ms)
	LoadAllAssembliesAndSetupDomain (573ms)
		LoadAssemblies (363ms)
		RebuildTransferFunctionScriptingTraits (0ms)
		AnalyzeDomain (285ms)
			TypeCache.Refresh (281ms)
				TypeCache.ScanAssembly (267ms)
			ScanForSourceGeneratedMonoScriptInfo (0ms)
			ResolveRequiredComponents (4ms)
	FinalizeReload (1065ms)
		ReleaseScriptCaches (0ms)
		RebuildScriptCaches (0ms)
		SetupLoadedEditorAssemblies (392ms)
			LogAssemblyErrors (0ms)
			InitializePlatformSupportModulesInManaged (41ms)
			SetLoadedEditorAssemblies (4ms)
			RefreshPlugins (0ms)
			BeforeProcessingInitializeOnLoad (87ms)
			ProcessInitializeOnLoadAttributes (221ms)
			ProcessInitializeOnLoadMethodAttributes (28ms)
			AfterProcessingInitializeOnLoad (10ms)
			EditorAssembliesLoaded (0ms)
		ExecutionOrderSort2 (0ms)
		AwakeInstancesAfterBackupRestoration (13ms)
Refreshing native plugins compatible for Editor in 9.39 ms, found 4 plugins.
Preloading 0 native plugins for Editor in 0.00 ms.
Unloading 4018 Unused Serialized files (Serialized files now loaded: 0)
Unloading 41 unused Assets / (217.3 KB). Loaded Objects now: 4607.
Memory consumption went from 143.0 MB to 142.8 MB.
Total: 4.698800 ms (FindLiveObjects: 0.558400 ms CreateObjectMapping: 0.111100 ms MarkObjects: 3.526300 ms  DeleteObjects: 0.501700 ms)

Prepare: number of updated asset objects reloaded= 0
AssetImportParameters requested are different than current active one (requested -> active):
  custom:container-demuxer-ogg: 62fdf1f143b41e24485cea50d1cbac27 -> 
  custom:video-decoder-ogg-theora: a1e56fd34408186e4bbccfd4996cb3dc -> 
  custom:framework-win-MediaFoundation: 216162199b28c13a410421893ffa2e32 -> 
  custom:CustomObjectIndexerAttribute: 756ad292c208cfabdd7b50bc23989ffe -> 
  custom:scripting/monoscript/fileName/GetActionInput.cs: 8316ea1e17d8f1a9165ee33b7b5b057b -> 
  custom:container-demuxer-webm: 4f35f7cbe854078d1ac9338744f61a02 -> 
  custom:container-muxer-webm: aa71ff27fc2769a1b78a27578f13a17b -> 
  custom:video-decoder-webm-vp8: 9c59270c3fd7afecdb556c50c9e8de78 -> 
  custom:AudioImporter_EditorPlatform: d09bf68614088b80899f8185d706f6e7 -> 
  custom:video-encoder-webm-vp8: eb34c28f22e8b96e1ab97ce403110664 -> 
  custom:audio-decoder-ogg-vorbis: bf7c407c2cedff20999df2af8eb42d56 -> 
  custom:audio-encoder-webm-vorbis: bf7c407c2cedff20999df2af8eb42d56 -> 
========================================================================
Received Prepare
Begin MonoManager ReloadAssembly
Symbol file LoadedFromMemory doesn't match image C:\ijunior\GitHub\FlappyTerminator-homework\FlappyTerminator-homework\Library\PackageCache\com.unity.visualscripting@1.8.0\Editor\VisualScripting.Core\Dependencies\YamlDotNet\Unity.VisualScripting.YamlDotNet.dll
Symbol file LoadedFromMemory doesn't match image C:\ijunior\GitHub\FlappyTerminator-homework\FlappyTerminator-homework\Library\PackageCache\com.unity.visualscripting@1.8.0\Editor\VisualScripting.Core\Dependencies\DotNetZip\Unity.VisualScripting.IonicZip.dll
- Loaded All Assemblies, in  0.805 seconds
Refreshing native plugins compatible for Editor in 5.68 ms, found 4 plugins.
Native extension for WindowsStandalone target not found
Native extension for iOS target not found
Native extension for Android target not found
Native extension for WebGL target not found
Mono: successfully reloaded assembly
- Finished resetting the current domain, in  1.099 seconds
Domain Reload Profiling: 1898ms
	BeginReloadAssembly (176ms)
		ExecutionOrderSort (0ms)
		DisableScriptedObjects (13ms)
		BackupInstance (0ms)
		ReleaseScriptingObjects (0ms)
		CreateAndSetChildDomain (45ms)
	RebuildCommonClasses (38ms)
	RebuildNativeTypeToScriptingClass (14ms)
	initialDomainReloadingComplete (36ms)
	LoadAllAssembliesAndSetupDomain (534ms)
		LoadAssemblies (336ms)
		RebuildTransferFunctionScriptingTraits (0ms)
		AnalyzeDomain (267ms)
			TypeCache.Refresh (262ms)
				TypeCache.ScanAssembly (250ms)
			ScanForSourceGeneratedMonoScriptInfo (0ms)
			ResolveRequiredComponents (5ms)
	FinalizeReload (1100ms)
		ReleaseScriptCaches (0ms)
		RebuildScriptCaches (0ms)
		SetupLoadedEditorAssemblies (393ms)
			LogAssemblyErrors (0ms)
			InitializePlatformSupportModulesInManaged (44ms)
			SetLoadedEditorAssemblies (4ms)
			RefreshPlugins (0ms)
			BeforeProcessingInitializeOnLoad (85ms)
			ProcessInitializeOnLoadAttributes (220ms)
			ProcessInitializeOnLoadMethodAttributes (30ms)
			AfterProcessingInitializeOnLoad (9ms)
			EditorAssembliesLoaded (0ms)
		ExecutionOrderSort2 (0ms)
		AwakeInstancesAfterBackupRestoration (13ms)
Refreshing native plugins compatible for Editor in 9.70 ms, found 4 plugins.
Preloading 0 native plugins for Editor in 0.00 ms.
Unloading 4018 Unused Serialized files (Serialized files now loaded: 0)
Unloading 41 unused Assets / (217.5 KB). Loaded Objects now: 4611.
Memory consumption went from 143.0 MB to 142.8 MB.
Total: 3.666600 ms (FindLiveObjects: 0.474000 ms CreateObjectMapping: 0.098100 ms MarkObjects: 2.860400 ms  DeleteObjects: 0.232900 ms)

Prepare: number of updated asset objects reloaded= 0
AssetImportParameters requested are different than current active one (requested -> active):
  custom:container-demuxer-ogg: 62fdf1f143b41e24485cea50d1cbac27 -> 
  custom:video-decoder-ogg-theora: a1e56fd34408186e4bbccfd4996cb3dc -> 
  custom:framework-win-MediaFoundation: 216162199b28c13a410421893ffa2e32 -> 
  custom:CustomObjectIndexerAttribute: 756ad292c208cfabdd7b50bc23989ffe -> 
  custom:scripting/monoscript/fileName/GetActionInput.cs: 8316ea1e17d8f1a9165ee33b7b5b057b -> 
  custom:container-demuxer-webm: 4f35f7cbe854078d1ac9338744f61a02 -> 
  custom:container-muxer-webm: aa71ff27fc2769a1b78a27578f13a17b -> 
  custom:video-decoder-webm-vp8: 9c59270c3fd7afecdb556c50c9e8de78 -> 
  custom:AudioImporter_EditorPlatform: d09bf68614088b80899f8185d706f6e7 -> 
  custom:video-encoder-webm-vp8: eb34c28f22e8b96e1ab97ce403110664 -> 
  custom:audio-decoder-ogg-vorbis: bf7c407c2cedff20999df2af8eb42d56 -> 
  custom:audio-encoder-webm-vorbis: bf7c407c2cedff20999df2af8eb42d56 -> 
========================================================================
Received Prepare
Begin MonoManager ReloadAssembly
Symbol file LoadedFromMemory doesn't match image C:\ijunior\GitHub\FlappyTerminator-homework\FlappyTerminator-homework\Library\PackageCache\com.unity.visualscripting@1.8.0\Editor\VisualScripting.Core\Dependencies\YamlDotNet\Unity.VisualScripting.YamlDotNet.dll
Symbol file LoadedFromMemory doesn't match image C:\ijunior\GitHub\FlappyTerminator-homework\FlappyTerminator-homework\Library\PackageCache\com.unity.visualscripting@1.8.0\Editor\VisualScripting.Core\Dependencies\DotNetZip\Unity.VisualScripting.IonicZip.dll
- Loaded All Assemblies, in  0.815 seconds
Refreshing native plugins compatible for Editor in 7.11 ms, found 4 plugins.
Native extension for WindowsStandalone target not found
Native extension for iOS target not found
Native extension for Android target not found
Native extension for WebGL target not found
Mono: successfully reloaded assembly
- Finished resetting the current domain, in  1.086 seconds
Domain Reload Profiling: 1895ms
	BeginReloadAssembly (176ms)
		ExecutionOrderSort (0ms)
		DisableScriptedObjects (13ms)
		BackupInstance (0ms)
		ReleaseScriptingObjects (0ms)
		CreateAndSetChildDomain (43ms)
	RebuildCommonClasses (36ms)
	RebuildNativeTypeToScriptingClass (13ms)
	initialDomainReloadingComplete (36ms)
	LoadAllAssembliesAndSetupDomain (547ms)
		LoadAssemblies (349ms)
		RebuildTransferFunctionScriptingTraits (0ms)
		AnalyzeDomain (267ms)
			TypeCache.Refresh (262ms)
				TypeCache.ScanAssembly (250ms)
			ScanForSourceGeneratedMonoScriptInfo (0ms)
			ResolveRequiredComponents (4ms)
	FinalizeReload (1086ms)
		ReleaseScriptCaches (0ms)
		RebuildScriptCaches (0ms)
		SetupLoadedEditorAssemblies (391ms)
			LogAssemblyErrors (0ms)
			InitializePlatformSupportModulesInManaged (44ms)
			SetLoadedEditorAssemblies (4ms)
			RefreshPlugins (0ms)
			BeforeProcessingInitializeOnLoad (86ms)
			ProcessInitializeOnLoadAttributes (219ms)
			ProcessInitializeOnLoadMethodAttributes (28ms)
			AfterProcessingInitializeOnLoad (11ms)
			EditorAssembliesLoaded (0ms)
		ExecutionOrderSort2 (0ms)
		AwakeInstancesAfterBackupRestoration (15ms)
Refreshing native plugins compatible for Editor in 10.55 ms, found 4 plugins.
Preloading 0 native plugins for Editor in 0.00 ms.
Unloading 4018 Unused Serialized files (Serialized files now loaded: 0)
Unloading 41 unused Assets / (217.4 KB). Loaded Objects now: 4615.
Memory consumption went from 143.0 MB to 142.8 MB.
Total: 3.698300 ms (FindLiveObjects: 0.617900 ms CreateObjectMapping: 0.233800 ms MarkObjects: 2.608000 ms  DeleteObjects: 0.237200 ms)

Prepare: number of updated asset objects reloaded= 0
AssetImportParameters requested are different than current active one (requested -> active):
  custom:container-demuxer-ogg: 62fdf1f143b41e24485cea50d1cbac27 -> 
  custom:video-decoder-ogg-theora: a1e56fd34408186e4bbccfd4996cb3dc -> 
  custom:framework-win-MediaFoundation: 216162199b28c13a410421893ffa2e32 -> 
  custom:CustomObjectIndexerAttribute: 756ad292c208cfabdd7b50bc23989ffe -> 
  custom:scripting/monoscript/fileName/GetActionInput.cs: 8316ea1e17d8f1a9165ee33b7b5b057b -> 
  custom:container-demuxer-webm: 4f35f7cbe854078d1ac9338744f61a02 -> 
  custom:container-muxer-webm: aa71ff27fc2769a1b78a27578f13a17b -> 
  custom:video-decoder-webm-vp8: 9c59270c3fd7afecdb556c50c9e8de78 -> 
  custom:AudioImporter_EditorPlatform: d09bf68614088b80899f8185d706f6e7 -> 
  custom:video-encoder-webm-vp8: eb34c28f22e8b96e1ab97ce403110664 -> 
  custom:audio-decoder-ogg-vorbis: bf7c407c2cedff20999df2af8eb42d56 -> 
  custom:audio-encoder-webm-vorbis: bf7c407c2cedff20999df2af8eb42d56 -> 
